15.62518,-10.44904,1.1,1.1,0.8,0.8,0.8
18.37888,-15.85822,1.1,1.1,0.8,0.8,0.8
15.3187,-26.45726,1.1,1.1,0.8,0.8,0.8
12.85322,0.04403949,1.1,1.1,0.8,0.8,0.8
16.83298,-30,1.1,1.1,0.8,0.8,0.8
30,-7.804205,1.1,1.1,0.8,0.8,0.8
9.99054,-10.37921,1.1,1.1,0.8,0.8,0.8
17.18855,-13.25481,1.1,1.1,0.8,0.8,0.8
22.56872,-4.193741,1.1,1.1,0.8,0.8,0.8
12.80674,-14.31053,1.1,1.1,0.8,0.8,0.8
9.325878,-23.11183,1.1,1.1,0.8,0.8,0.8
6.293643,1.305071,1.1,1.1,0.8,0.8,0.8
22.57372,6.378551,1.1,1.1,0.8,0.8,0.8
26.76044,-24.31644,1.1,1.1,0.8,0.8,0.8
21.42079,-8.398147,1.1,1.1,0.8,0.7349359,0.8
30,10.7486,1.1,1.1,0.8,0.6510899,0.8
20.87264,1.74675,1.1,1.1,0.8,0.8,0.8
18.51444,0.5743504,1.1,1.1,0.8,0.8,0.8
28.99479,-6.683391,1.1,1.1,0.8,0.8,0.8
22.21656,-11.6927,1.1,1.1,0.8,0.8,0.8
20.21712,1.324924,1.1,1.1,0.8,0.8,0.8
-1.985253,-8.036805,1.1,1.1,0.8,0.8,0.8
-0.345918,-21.78285,1.1,1.1,0.8,0.8,0.8
11.65854,-11.32487,1.1,1.1,0.8,0.8,0.8
24.14625,-13.82707,1.1,1.1,0.8,0.8,0.8
17.52198,-5.114753,1.1,1.1,0.8,0.8,0.8
18.81815,-13.96858,1.1,1.1,0.8,0.8,0.8
11.56097,-24.79035,1.1,1.1,0.8,0.8,0.8
27.07735,-18.76052,1.1,1.1,0.8,0.8,0.8
22.69338,2.288703,1.1,1.1,0.8,0.8,0.8
23.37038,-10.10268,1.1,1.1,0.8,0.8,0.8
13.55482,-5.449329,1.1,1.1,0.8,0.8,0.8
22.34527,13.38146,1.1,1.1,0.8,0.6122382,0.8
16.60716,-1.749359,1.1,1.1,0.8,0.8,0.8
30,-18.9015,1.1,1.1,0.8,0.8,0.8
14.11936,-6.957349,1.1,1.1,0.8,0.8,0.8
16.21792,-6.135539,1.1,1.1,0.8,0.8,0.8
22.35043,-23.37194,1.1,1.1,0.8,0.8,0.8
11.9303,-7.052641,1.1,1.1,0.8,0.8,0.8
19.65362,-12.77397,1.1,1.1,0.8,0.8,0.8
12.81525,-25.9479,1.1,1.1,0.8,0.8,0.8
25.97761,-5.122789,1.1,1.1,0.8,0.8,0.8
26.42956,-26.34785,1.1,1.1,0.8,0.8,0.8
16.60879,-24.36365,1.1,1.1,0.8,0.8,0.8
30,-5.094329,1.1,1.1,0.8,0.8,0.8
30,8.545316,1.1,1.1,0.8,0.8,0.8
24.32382,-5.14992,1.1,1.1,0.8,0.8,0.8
26.38853,-13.72371,1.1,1.1,0.8,0.8,0.8
24.8788,-13.42893,1.1,1.1,0.8,0.8,0.8
17.40088,-11.99896,1.1,1.1,0.8,0.8,0.8
23.21791,3.641342,1.1,1.1,0.4936303,0.4951608,0.8
13.40731,-1.483121,1.1,1.1,0.8,0.4394049,0.8
-2.25932,2.610799,1.1,1.1,0.8,0.8,0.3964911
-1.11941,-14.01009,1.1,1.1,0.8,0.8,0.8
22.89846,-16.42566,1.1,1.1,0.8,0.8,0.8
28.55229,-6.424675,1.1,1.1,0.8,0.8,0.8
12.41637,-9.477921,1.1,1.1,0.8,0.8,0.8
24.14594,-11.60253,1.1,1.1,0.8,0.8,0.8
29.85838,4.3185,1.1,1.1,0.8,0.8,0.8
4.530457,-12.82576,1.1,1.1,0.8,0.8,0.8
12.7884,11.16655,1.1,1.1,0.8,0.8,0.8
16.25336,-27.4833,1.1,1.1,0.8,0.8,0.8
26.67953,-11.92929,1.1,1.1,0.8,0.8,0.8
25.2441,-12.56422,1.1,1.1,0.8,0.8,0.8
30,-17.67157,1.1,1.1,0.8,0.8,0.8
28.43925,-10.59526,1.1,1.1,0.8,0.8,0.8
30,-5.406546,1.1,1.1,0.8,0.8,0.8
21.71068,-0.5085611,1.1,1.1,0.8,0.8,0.8
2.14101,2.564902,1.1,1.1,0.533094,0.5056363,0.8
15.63866,-13.7844,1.1,1.1,0.8,0.8,0.8
3.53001,15.38013,1.1,1.1,0.8,0.8,0.3757742
2.609583,-20.72454,1.1,1.1,0.8,0.8,0.8
30,-8.857066,1.1,1.1,0.8,0.8,0.8
30,-7.680532,1.1,1.1,0.8,0.8,0.8
5.245253,-7.176048,1.1,1.1,0.8,0.8,0.8
-6.259066,-12.1235,1.1,1.1,0.8,0.8,0.8
4.434955,-16.1032,1.1,1.1,0.8,0.8,0.8
27.179,-13.76959,1.1,1.1,0.8,0.8,0.8
17.21975,-12.17861,1.1,1.1,0.8,0.8,0.8
7.065456,-18.25208,1.1,1.1,0.8,0.8,0.8
18.94255,-10.64001,1.1,1.1,0.8,0.8,0.8
16.25542,-7.522806,1.1,1.1,0.8,0.8,0.8
30,-8.174521,1.1,1.1,0.8,0.8,0.8
12.93936,-9.143215,1.1,1.1,0.8,0.8,0.8
-2.498189,-0.2882946,1.1,1.1,0.8,0.8,0.8
13.00611,-6.395491,1.1,1.1,0.8,0.8,0.8
11.69514,-13.74336,1.1,1.1,0.2209214,0.8,0.8
13.76427,0.6064809,1.1,1.1,0.2165632,0.8,0.8
30,25.17648,1.1,1.1,0.2170049,0.2284431,0.8
-9.673163,17.72483,1.1,1.1,0.8,0.1985824,0.207465
15.16352,-11.5129,1.1,1.1,0.8,0.8,0.8
29.31946,-8.971401,1.1,1.1,0.8,0.8,0.8
19.34167,-11.33834,1.1,1.1,0.8,0.8,0.8
7.181775,-11.27981,1.1,1.1,0.8,0.8,0.8
18.64729,-19.70348,1.1,1.1,0.8,0.8,0.8
28.5265,-24.92155,1.1,1.1,0.8,0.8,0.8
8.81558,-20.92191,1.1,1.1,0.8,0.8,0.8
8.920963,6.487402,1.1,1.1,0.8,0.8,0.8
26.39479,-8.757397,1.1,1.1,0.8,0.8,0.8
-1.279525,-9.57992,1.1,1.1,0.8,0.8,0.8
15.64409,-10.9044,1.1,1.1,0.8,0.8,0.8
20.09078,-25.74865,1.1,1.1,0.8,0.8,0.8
12.37819,-12.55999,1.1,1.1,0.8,0.8,0.8
12.76728,-8.18662,1.1,1.1,0.8,0.8,0.8
30,-19.7127,1.1,1.1,0.8,0.8,0.8
17.86843,-16.83861,0.8464357,1.1,0.8,0.8,0.8
-12.24657,10.31469,0.790343,1.1,0.07966873,0.03296274,0.09653643
4.840049,30,0.7897102,1.1,0.08939055,0.02977527,0.07572036
-3.083347,15.64943,0.7899607,1.1,0.09658461,0.03495712,0.06862413
-14.64228,20.50953,0.7864813,1.1,0.09899455,0.03223981,0.06525881
16.56226,30,0.7900155,1.1,0.08215845,0.01087009,0.08600777
-8.959002,28.77964,0.7887799,1.1,0.08202644,0.009414495,0.07630814
10.58666,30,0.7905757,1.1,0.04043505,0.03468476,0.8
1.918573,30,0.7868336,0.7870933,0.03969892,0.0360847,0.8
30,15.70135,0.7871625,0.7870518,0.0334744,0.03497909,0.8
28.97262,30,0.7891641,1.1,0.02877422,0.04227471,0.8
4.350069,-25.12501,0.7869324,1.1,0.8,0.8,0.8
12.39564,-8.595228,0.7866517,1.1,0.8,0.8,0.8
18.08378,-22.1368,0.7864194,1.1,0.8,0.8,0.8
20.87812,-2.740964,0.7864196,1.1,0.8,0.8,0.8
9.069962,-28.72573,0.7863672,1.1,0.8,0.8,0.8
-2.908838,-11.73719,0.7865109,1.1,0.8,0.8,0.8
-2.439727,-7.208535,1.1,1.1,0.8,0.8,0.8
14.69343,-27.97417,1.1,1.1,0.8,0.8,0.8
23.09762,-17.95956,1.1,1.1,0.8,0.8,0.8
8.488355,-4.782641,1.1,1.1,0.8,0.8,0.8
30,-12.55807,1.1,1.1,0.8,0.8,0.8
13.88488,-21.85454,1.1,1.1,0.8,0.8,0.8
11.99399,-13.3045,1.1,1.1,0.8,0.8,0.8
14.92713,-8.26065,1.1,1.1,0.8,0.8,0.8
1.352055,-25.57717,1.1,1.1,0.8,0.8,0.8
16.91663,-17.55236,1.1,1.1,0.8,0.8,0.8
25.06272,-24.63391,1.1,1.1,0.8,0.8,0.8
28.26501,-24.02145,1.1,1.1,0.8,0.8,0.8
15.37177,-6.331372,1.1,1.1,0.8,0.8,0.8
15.67201,-25.00239,1.1,1.1,0.8,0.8,0.8
28.33601,-7.17981,1.1,1.1,0.8,0.8,0.8
23.50023,-5.266152,1.1,1.1,0.8,0.8,0.8
-2.550257,-25.92928,1.1,1.1,0.8,0.8,0.8
13.46347,-10.81734,1.1,1.1,0.8,0.8,0.8
14.07558,-14.5842,1.1,1.1,0.8,0.8,0.8
23.10887,-8.316752,1.1,1.1,0.8,0.8,0.8
10.14932,-12.85528,1.1,1.1,0.8,0.8,0.8
11.48863,2.893759,1.1,1.1,0.8,0.8,0.8
0.8952594,-3.914349,1.1,1.1,0.8,0.8,0.8
17.44025,-14.44127,1.1,1.1,0.8,0.8,0.8
20.76921,2.258688,1.1,1.1,0.8,0.8,0.8
26.5945,-11.9112,1.1,1.1,0.8,0.8,0.8
14.6629,-18.6653,1.1,1.1,0.8,0.8,0.8
25.58593,2.287218,1.1,1.1,0.8,0.8,0.8
27.91333,2.470291,1.1,1.1,0.8,0.8,0.8
9.710759,-6.030693,1.1,1.1,0.8,0.8,0.8
14.17622,-2.375293,1.1,1.1,0.8,0.8,0.8
22.72412,5.684352,1.1,1.1,0.8,0.8,0.8
10.66798,-13.53003,1.1,1.1,0.8,0.8,0.8
19.13779,-13.38775,1.1,1.1,0.8,0.8,0.8
-3.383578,-1.141533,1.1,1.1,0.8,0.8,0.8
11.35599,-26.48216,1.1,1.1,0.8,0.8,0.8
10.42108,3.403044,1.1,1.1,0.8,0.8,0.8
26.1296,-30,1.1,1.1,0.8,0.8,0.8
9.096635,0.8557951,1.1,1.1,0.8,0.8,0.8
28.35343,-14.39988,1.1,1.1,0.8,0.8,0.8
19.45096,-5.156521,1.1,1.1,0.8,0.8,0.8
30,-15.04629,1.1,1.1,0.8,0.8,0.8
19.17995,-12.82651,1.1,1.1,0.8,0.8,0.8
22.56681,-21.75232,1.1,1.1,0.8,0.8,0.8
22.56128,-17.63202,1.1,1.1,0.8,0.8,0.8
19.45991,-8.762151,1.1,1.1,0.8,0.8,0.8
26.45157,-15.19032,1.1,1.1,0.8,0.8,0.8
30,9.285777,1.1,1.1,0.8,0.8,0.8
28.9258,-20.98903,1.1,1.1,0.8,0.8,0.8
20.21577,-10.27789,1.1,1.1,0.8,0.8,0.8
18.10799,-19.46748,1.1,1.1,0.8,0.8,0.8
30,-1.762775,1.1,1.1,0.8,0.8,0.8
30,0.6650615,1.1,1.1,0.8,0.8,0.8
22.08076,-24.98928,1.1,1.1,0.8,0.8,0.8
21.5061,-15.66677,1.1,1.1,0.8,0.8,0.8
25.07158,-13.69833,1.1,1.1,0.8,0.8,0.8
7.201671,-19.39009,1.1,1.1,0.8,0.8,0.8
11.42991,-21.23548,1.1,1.1,0.8,0.8,0.8
20.13218,-21.58381,1.1,1.1,0.8,0.8,0.8
29.83693,-13.6232,1.1,1.1,0.8,0.8,0.8
29.31707,-23.3375,1.1,1.1,0.8,0.8,0.8
25.02494,-20.22087,1.1,1.1,0.8,0.8,0.8
6.120521,3.110378,1.1,1.1,0.8,0.8,0.8
22.82929,-26.33709,1.1,1.1,0.8,0.8,0.8
23.30456,11.57464,1.1,1.1,0.8,0.8,0.8
15.8238,-15.38241,1.1,1.1,0.8,0.8,0.8
30,-22.97725,1.1,1.1,0.8,0.8,0.8
15.38432,-7.316083,1.1,1.1,0.8,0.8,0.8
15.77823,-8.424028,1.1,1.1,0.8,0.8,0.8
23.76748,-3.031166,1.1,1.1,0.8,0.8,0.8
8.89667,-2.04683,1.1,1.1,0.8,0.8,0.8
30,-0.6304157,1.1,1.1,0.8,0.8,0.8
30,-11.92372,1.1,1.1,0.8,0.8,0.8
26.88773,-30,1.1,1.1,0.8,0.8,0.8
30,-21.64498,1.1,1.1,0.8,0.8,0.8
6.494974,-2.526471,1.1,1.1,0.8,0.8,0.8
14.80665,-12.21826,1.1,1.1,0.8,0.8,0.8
18.45681,5.438012,1.1,1.1,0.8,0.8,0.8
21.31844,-4.511898,1.1,1.1,0.8,0.8,0.8
15.68022,-17.36404,1.1,1.1,0.8,0.8,0.8
4.065341,-14.80279,1.1,1.1,0.8,0.8,0.8
19.38428,2.231632,1.1,1.1,0.8,0.8,0.8
20.31351,-3.348141,1.1,1.1,0.8,0.8,0.8
21.74936,-17.83473,1.1,1.1,0.8,0.8,0.8
8.834788,-16.02364,1.1,1.1,0.8,0.8,0.8
1.788554,-7.81846,1.1,1.1,0.8,0.8,0.8
30,-24.52691,1.1,1.1,0.8,0.8,0.8
21.30139,-21.2702,1.1,1.1,0.8,0.8,0.8
7.637411,-8.100197,1.1,1.1,0.8,0.8,0.8
0.9876752,-17.44223,1.1,1.1,0.8,0.8,0.8
12.91879,-9.598722,1.1,1.1,0.8,0.8,0.8
15.41674,-0.5030406,1.1,1.1,0.8,0.8,0.8
30,-10.81746,1.1,1.1,0.8,0.8,0.8
26.84771,-4.627419,1.1,1.1,0.8,0.8,0.8
8.72679,-12.50489,1.1,1.1,0.8,0.8,0.8
30,-10.08109,1.1,1.1,0.8,0.8,0.8
8.880035,-28.63815,1.1,1.1,0.8,0.8,0.8
9.116572,-14.60718,1.1,1.1,0.8,0.8,0.8
10.80922,-22.27441,1.1,1.1,0.8,0.8,0.8
14.04109,-2.15378,1.1,1.1,0.8,0.8,0.8
-4.092926,-22.09207,1.1,1.1,0.8,0.8,0.8
14.73471,-30,1.1,1.1,0.8,0.8,0.8
21.91719,-9.947069,1.1,1.1,0.8,0.8,0.8
20.66984,-11.45068,1.1,1.1,0.8,0.8,0.8
16.04626,-21.14014,1.1,1.1,0.8,0.8,0.8
26.81129,-5.269065,1.1,1.1,0.8,0.8,0.8
26.38255,-11.70239,1.1,1.1,0.8,0.8,0.8
21.12902,-1.937049,1.1,1.1,0.8,0.8,0.8
10.55839,4.723881,1.1,1.1,0.8,0.8,0.8
28.68951,-27.66964,1.1,1.1,0.8,0.8,0.8
25.81268,-7.871209,1.1,1.1,0.8,0.8,0.8
30,-8.743764,1.1,1.1,0.8,0.8,0.8
-6.633855,-11.24242,1.1,1.1,0.8,0.8,0.8
30,-19.48258,1.1,1.1,0.8,0.8,0.8
22.0336,0.2478063,1.1,1.1,0.8,0.8,0.8
15.734,-22.1497,1.1,1.1,0.8,0.8,0.8
29.9331,-15.18534,1.1,1.1,0.8,0.8,0.8
19.58893,-8.086362,1.1,1.1,0.8,0.8,0.8
12.76005,-17.64958,1.1,1.1,0.8,0.8,0.8
26.29029,-21.09534,1.1,1.1,0.8,0.8,0.8
21.6185,-6.531574,1.1,1.1,0.8,0.8,0.8
20.32929,-8.009349,1.1,1.1,0.8,0.8,0.8
14.25359,-3.295597,1.1,1.1,0.8,0.8,0.8
15.40639,-23.4606,1.1,1.1,0.8,0.8,0.8
26.07057,-10.38869,1.1,1.1,0.8,0.8,0.8
27.17596,-18.35216,1.1,1.1,0.8,0.8,0.8
14.1422,-13.31849,1.1,1.1,0.8,0.8,0.8
30,-16.08122,1.1,1.1,0.8,0.8,0.8
16.1359,1.998206,1.1,1.1,0.8,0.8,0.8
14.50134,-5.755093,1.1,1.1,0.8,0.8,0.8
29.39658,1.355949,1.1,1.1,0.8,0.8,0.8
15.5294,-13.21919,1.1,1.1,0.8,0.8,0.8
30,6.781974,1.1,1.1,0.8,0.8,0.8
25.73376,-11.7348,1.1,1.1,0.8,0.8,0.8
13.15629,-11.50778,1.1,1.1,0.8,0.8,0.8
13.90151,-23.24354,1.1,1.1,0.8,0.8,0.8
30,-3.738921,1.1,1.1,0.8,0.8,0.8
16.84299,-5.606533,1.1,1.1,0.8,0.8,0.8
30,-5.468239,1.1,1.1,0.8,0.8,0.8
29.18386,-30,1.1,1.1,0.8,0.8,0.8
12.5852,-10.66689,1.1,1.1,0.8,0.8,0.8
2.836585,-9.071642,1.1,1.1,0.8,0.8,0.8
30,-11.03592,1.1,1.1,0.8,0.8,0.8
8.591384,-18.16766,1.1,1.1,0.8,0.8,0.8
30,-4.543273,1.1,1.1,0.8,0.8,0.8
1.90927,-10.49623,1.1,1.1,0.8,0.8,0.8
20.65466,-10.35723,1.1,1.1,0.8,0.8,0.8
23.99109,-17.28528,1.1,1.1,0.8,0.8,0.8
0.2720201,-3.712258,1.1,1.1,0.8,0.8,0.8
16.33733,-8.390482,1.1,1.1,0.8,0.8,0.8
5.505049,-26.65539,1.1,1.1,0.8,0.8,0.8
18.3267,-1.667675,1.1,1.1,0.8,0.8,0.8
27.87149,-15.40603,1.1,1.1,0.8,0.8,0.8
17.26921,-11.36023,1.1,1.1,0.8,0.8,0.8
16.48057,10.11729,1.1,1.1,0.8,0.8,0.8
22.33265,-13.47528,1.1,1.1,0.8,0.8,0.8
28.03944,-15.21629,1.1,1.1,0.8,0.8,0.8
28.7892,4.320015,1.1,1.1,0.8,0.8,0.8
12.14593,-9.370804,1.1,1.1,0.8,0.8,0.8
5.718237,-23.82119,1.1,1.1,0.8,0.8,0.8
28.52927,-8.279306,1.1,1.1,0.8,0.8,0.8
9.201293,-24.93156,1.1,1.1,0.8,0.8,0.8
17.30617,-7.952878,1.1,1.1,0.8,0.8,0.8
20.97014,-1.813242,1.1,1.1,0.8,0.8,0.8
29.94874,-22.20457,1.1,1.1,0.8,0.8,0.8
19.13183,-5.234337,1.1,1.1,0.8,0.8,0.8
22.90533,-6.220561,1.1,1.1,0.8,0.8,0.8
15.83808,-9.124424,1.1,1.1,0.8,0.8,0.8
14.97267,-21.3365,1.1,1.1,0.8,0.8,0.8
9.898362,-22.96904,1.1,1.1,0.8,0.8,0.8
9.344633,-6.465029,1.1,1.1,0.8,0.8,0.8
14.64295,-17.77636,1.1,1.1,0.8,0.8,0.8
16.68602,-11.35915,1.1,1.1,0.8,0.8,0.8
1.152699,-12.01098,1.1,1.1,0.8,0.8,0.8
16.15558,-30,1.1,1.1,0.8,0.8,0.8
10.74907,-24.72109,1.1,1.1,0.8,0.8,0.8
20.99025,-9.057512,1.1,1.1,0.8,0.8,0.8
29.76887,-17.0108,1.1,1.1,0.8,0.8,0.8
17.34414,-17.64478,1.1,1.1,0.8,0.8,0.8
30,-12.36354,1.1,1.1,0.8,0.8,0.8
30,-12.06517,1.1,1.1,0.8,0.8,0.8
27.89632,-7.308372,1.1,1.1,0.8,0.8,0.8
13.14072,-16.87113,1.1,1.1,0.8,0.8,0.8
-6.90373,-4.474863,1.1,1.1,0.8,0.8,0.8
30,-7.985507,1.1,1.1,0.8,0.8,0.8
12.90682,-11.52805,1.1,1.1,0.8,0.8,0.8
29.47479,-13.20872,1.1,1.1,0.8,0.8,0.8
19.42486,-11.5315,1.1,1.1,0.8,0.8,0.8
26.03778,-20.32645,1.1,1.1,0.8,0.8,0.8
20.93686,-12.60403,1.1,1.1,0.8,0.8,0.8
24.46316,-7.542436,1.1,1.1,0.8,0.8,0.8
10.53906,-20.25735,1.1,1.1,0.8,0.8,0.8
17.50962,0.1634133,1.1,1.1,0.8,0.8,0.8
8.691426,-3.332567,1.1,1.1,0.8,0.8,0.8
9.983496,-9.710596,1.1,1.1,0.8,0.8,0.8
15.44727,3.18434,1.1,1.1,0.8,0.8,0.8
28.52691,-1.101751,1.1,1.1,0.8,0.8,0.8
17.82734,-22.06591,1.1,1.1,0.8,0.8,0.8
8.181473,-22.3804,1.1,1.1,0.8,0.8,0.8
17.22229,-11.09359,1.1,1.1,0.8,0.8,0.8
30,-20.13343,1.1,1.1,0.8,0.8,0.8
8.784759,2.144268,1.1,1.1,0.8,0.8,0.8
11.61619,-10.38705,1.1,1.1,0.8,0.8,0.8
15.47594,-0.4247093,1.1,1.1,0.8,0.8,0.8
22.73252,0.3602493,1.1,1.1,0.8,0.8,0.8
15.53256,-14.14854,1.1,1.1,0.8,0.8,0.8
19.45919,-5.274806,1.1,1.1,0.8,0.8,0.8
30,-0.9745538,1.1,1.1,0.8,0.8,0.8
17.67472,-23.95056,1.1,1.1,0.8,0.8,0.8
29.10597,-11.58406,1.1,1.1,0.8,0.8,0.8
24.78529,-7.585684,1.1,1.1,0.8,0.8,0.8
20.59925,-19.07336,1.1,1.1,0.8,0.8,0.8
28.27442,-14.58272,1.1,1.1,0.8,0.8,0.8
28.28254,2.056799,1.1,1.1,0.8,0.8,0.8
21.33782,-16.41993,1.1,1.1,0.8,0.8,0.8
22.64751,-6.746412,1.1,1.1,0.8,0.8,0.8
11.93512,-7.695295,1.1,1.1,0.8,0.8,0.8
18.71356,-22.69785,1.1,1.1,0.8,0.8,0.8
30,-13.04633,1.1,1.1,0.8,0.8,0.8
14.38571,-9.952569,1.1,1.1,0.8,0.8,0.8
7.005733,8.941658,1.1,1.1,0.8,0.8,0.8
23.12096,-2.346051,1.1,1.1,0.8,0.8,0.8
9.110149,-18.2676,1.1,1.1,0.8,0.8,0.8
8.034294,-4.981411,1.1,1.1,0.8,0.8,0.8
15.77613,-7.604204,1.1,1.1,0.8,0.8,0.8
23.23743,-19.86857,1.1,1.1,0.8,0.8,0.8
21.615,-23.0259,1.1,1.1,0.8,0.8,0.8
13.24193,-16.13162,1.1,1.1,0.8,0.8,0.8
20.93482,2.445598,1.1,1.1,0.8,0.8,0.8
27.72395,-24.10662,1.1,1.1,0.8,0.8,0.8
12.23796,-9.567581,1.1,1.1,0.8,0.8,0.8
13.35879,-29.36242,1.1,1.1,0.8,0.8,0.8
11.91542,-2.28759,1.1,1.1,0.8,0.8,0.8
27.64454,-9.802607,1.1,1.1,0.8,0.8,0.8
24.02822,-19.97661,1.1,1.1,0.8,0.8,0.8
-3.316206,-13.70618,1.1,1.1,0.8,0.8,0.8
15.48342,-28.31354,1.1,1.1,0.8,0.8,0.8
26.90162,-11.05907,1.1,1.1,0.8,0.8,0.8
7.584496,-7.937546,1.1,1.1,0.8,0.8,0.8
5.84767,-10.05698,1.1,1.1,0.8,0.8,0.8
17.03121,-2.906944,1.1,1.1,0.8,0.8,0.8
13.45976,5.876694,1.1,1.1,0.8,0.8,0.8
30,-11.30843,1.1,1.1,0.8,0.8,0.8
-11.49622,-7.741514,1.1,1.1,0.8,0.8,0.8
25.93977,-15.59139,1.1,1.1,0.8,0.8,0.8
0.366199,-20.81092,1.1,1.1,0.8,0.8,0.8
12.42803,-16.20344,1.1,1.1,0.8,0.8,0.8
28.03871,-1.747772,1.1,1.1,0.8,0.8,0.8
30,-0.1796496,1.1,1.1,0.8,0.8,0.8
17.97531,-4.271447,1.1,1.1,0.8,0.8,0.8
16.16201,-27.04325,1.1,1.1,0.8,0.8,0.8
21.46179,-15.49078,1.1,1.1,0.8,0.8,0.8
12.77966,-8.168814,1.1,1.1,0.8,0.8,0.8
25.84066,-13.33109,1.1,1.1,0.8,0.8,0.8
20.08787,-13.695,1.1,1.1,0.8,0.8,0.8
8.084441,-8.486505,1.1,1.1,0.8,0.8,0.8
19.71171,-12.32949,1.1,1.1,0.8,0.8,0.8
4.003039,-13.91198,1.1,1.1,0.8,0.8,0.8
5.982559,-5.005951,1.1,1.1,0.8,0.8,0.8
16.88638,-12.02638,1.1,1.1,0.8,0.8,0.8
16.74821,-17.66892,1.1,1.1,0.8,0.8,0.8
29.11966,-8.521756,1.1,1.1,0.8,0.8,0.8
9.066542,-8.679823,1.1,1.1,0.8,0.8,0.8
26.23886,-2.531631,1.1,1.1,0.8,0.8,0.8
22.87338,-27.95768,1.1,1.1,0.8,0.8,0.8
19.83548,-15.82462,1.1,1.1,0.8,0.8,0.8
30,-16.97213,1.1,1.1,0.8,0.8,0.8
14.5282,4.444041,1.1,1.1,0.8,0.8,0.8
13.75819,-17.10352,1.1,1.1,0.8,0.8,0.8
8.45822,2.011545,1.1,1.1,0.8,0.8,0.8
19.9673,-21.4299,1.1,1.1,0.8,0.8,0.8
13.56229,0.09939194,1.1,1.1,0.8,0.8,0.8
30,-25.41014,1.1,1.1,0.8,0.8,0.8
21.61887,-12.86648,1.1,1.1,0.8,0.8,0.8
20.20193,-7.340088,1.1,1.1,0.8,0.8,0.8
16.63507,-12.54806,1.1,1.1,0.8,0.8,0.8
3.630167,-9.779205,1.1,1.1,0.8,0.8,0.8
22.80529,-19.1673,1.1,1.1,0.8,0.8,0.8
17.27033,-18.42831,1.1,1.1,0.8,0.8,0.8
21.67867,-17.82018,1.1,1.1,0.8,0.8,0.8
19.59195,-2.687296,1.1,1.1,0.8,0.8,0.8
3.365971,-12.68066,1.1,1.1,0.8,0.8,0.8
7.104743,-6.706439,1.1,1.1,0.8,0.8,0.8
28.19691,-22.27887,1.1,1.1,0.8,0.8,0.8
30,-8.712082,1.1,1.1,0.8,0.8,0.8
30,-3.494349,1.1,1.1,0.8,0.8,0.8
23.44081,1.095324,1.1,1.1,0.8,0.8,0.8
20.81428,-17.36305,1.1,1.1,0.8,0.8,0.8
28.31888,-8.787198,1.1,1.1,0.8,0.8,0.8
12.09454,-14.27229,1.1,1.1,0.8,0.8,0.8
16.71393,-9.991611,1.1,1.1,0.8,0.8,0.8
13.16572,4.206195,1.1,1.1,0.8,0.8,0.8
21.02621,-9.366696,1.1,1.1,0.8,0.8,0.8
7.082167,-8.068274,1.1,1.1,0.8,0.8,0.8
21.41975,-8.487305,1.1,1.1,0.8,0.8,0.8
4.587061,-14.80379,1.1,1.1,0.8,0.8,0.8
17.15659,-7.015414,1.1,1.1,0.8,0.8,0.8
22.13961,-20.20898,1.1,1.1,0.8,0.8,0.8
24.60179,-14.01132,1.1,1.1,0.8,0.8,0.8
18.50269,-24.61155,1.1,1.1,0.8,0.8,0.8
21.93253,-24.10871,1.1,1.1,0.8,0.8,0.8
22.13449,-19.3558,1.1,1.1,0.8,0.8,0.8
10.59096,-0.637325,1.1,1.1,0.8,0.8,0.8
24.27166,-2.532341,1.1,1.1,0.8,0.8,0.8
28.89752,-13.28213,1.1,1.1,0.8,0.8,0.8
16.32273,0.8887231,1.1,1.1,0.8,0.8,0.8
-5.174452,-13.91251,1.1,1.1,0.8,0.8,0.8
0.4368901,-26.5045,1.1,1.1,0.8,0.8,0.8
10.93488,-3.034809,1.1,1.1,0.8,0.8,0.8
25.18387,-15.81803,1.1,1.1,0.8,0.8,0.8
18.77429,3.62268,1.1,1.1,0.8,0.8,0.8
17.49182,-10.12003,1.1,1.1,0.8,0.8,0.8
18.4479,-17.90877,1.1,1.1,0.8,0.8,0.8
12.19545,-19.78462,1.1,1.1,0.8,0.8,0.8
20.16717,-21.16755,1.1,1.1,0.8,0.8,0.8
18.19639,-15.47576,1.1,1.1,0.8,0.8,0.8
30,-23.95331,1.1,1.1,0.8,0.8,0.8
7.875347,-9.966994,1.1,1.1,0.8,0.8,0.8
30,-3.792728,1.1,1.1,0.8,0.8,0.8
11.73666,-21.5602,1.1,1.1,0.8,0.8,0.8
27.4411,-16.71841,1.1,1.1,0.8,0.8,0.8
24.83975,-25.44896,1.1,1.1,0.8,0.8,0.8
16.1143,1.953132,1.1,1.1,0.8,0.8,0.8
20.69517,-16.05388,1.1,1.1,0.8,0.8,0.8
-0.330863,-5.039865,1.1,1.1,0.8,0.8,0.8
30,-11.30915,1.1,1.1,0.8,0.8,0.8
28.04757,-13.52585,1.1,1.1,0.8,0.8,0.8
3.462161,-5.784802,1.1,1.1,0.8,0.8,0.8
19.6702,-1.349155,1.1,1.1,0.8,0.8,0.8
8.822694,-27.63429,1.1,1.1,0.8,0.8,0.8
19.13006,-22.7306,1.1,1.1,0.8,0.8,0.8
17.15191,-1.506743,1.1,1.1,0.8,0.8,0.8
27.31776,-8.489637,1.1,1.1,0.8,0.8,0.8
30,-12.26077,1.1,1.1,0.8,0.8,0.8
24.8095,-3.867271,1.1,1.1,0.8,0.8,0.8
19.65086,-6.850801,1.1,1.1,0.8,0.8,0.8
24.01168,-16.90051,1.1,1.1,0.8,0.8,0.8
28.33402,-13.57228,1.1,1.1,0.8,0.8,0.8
27.57173,-8.380941,1.1,1.1,0.8,0.8,0.8
2.351445,-15.1257,1.1,1.1,0.8,0.8,0.8
16.61322,-17.58963,1.1,1.1,0.8,0.8,0.8
27.43808,1.713119,1.1,1.1,0.8,0.8,0.8
24.06849,-11.73339,1.1,1.1,0.8,0.8,0.8
30,-5.262985,1.1,1.1,0.8,0.8,0.8
10.27558,-30,1.1,1.1,0.8,0.8,0.8
26.8198,-6.615318,1.1,1.1,0.8,0.8,0.8
24.37867,6.746515,1.1,1.1,0.8,0.8,0.8
24.31346,-19.16726,1.1,1.1,0.8,0.8,0.8
17.90402,2.412981,1.1,1.1,0.8,0.8,0.8
24.71689,2.019125,1.1,1.1,0.8,0.8,0.8
30,-8.247926,1.1,1.1,0.8,0.8,0.8
29.10471,-17.95201,1.1,1.1,0.8,0.8,0.8
12.46823,-12.18226,1.1,1.1,0.8,0.8,0.8
27.74189,-8.686904,1.1,1.1,0.8,0.8,0.8
28.92565,-3.667372,1.1,1.1,0.8,0.8,0.8
23.35057,-13.34086,1.1,1.1,0.8,0.8,0.8
4.998144,-5.393398,1.1,1.1,0.8,0.8,0.8
22.47991,-4.541751,1.1,1.1,0.8,0.8,0.8
4.456102,3.046129,1.1,1.1,0.8,0.8,0.8
20.35605,5.685385,1.1,1.1,0.8,0.8,0.8
18.12439,-4.435951,1.1,1.1,0.8,0.8,0.8
-1.504818,-16.59959,1.1,1.1,0.8,0.8,0.8
10.26249,-8.151255,1.1,1.1,0.8,0.8,0.8
24.68341,-7.401576,1.1,1.1,0.8,0.8,0.8
9.838682,-27.19612,1.1,1.1,0.8,0.8,0.8
22.35324,-10.52545,1.1,1.1,0.8,0.8,0.8
7.846545,-19.56194,1.1,1.1,0.8,0.8,0.8
19.26786,-27.74284,1.1,1.1,0.8,0.8,0.8
17.84484,-20.21299,1.1,1.1,0.8,0.8,0.8
0.4447949,-13.97569,1.1,1.1,0.8,0.8,0.8
27.17836,9.347561,1.1,1.1,0.8,0.8,0.8
25.41861,-12.2988,1.1,1.1,0.8,0.8,0.8
30,-13.58029,1.1,1.1,0.8,0.8,0.8
-5.954679,-8.031079,1.1,1.1,0.8,0.8,0.8
21.26371,-10.3931,1.1,1.1,0.8,0.8,0.8
11.03832,-4.413274,1.1,1.1,0.8,0.8,0.8
25.8105,-21.22496,1.1,1.1,0.8,0.8,0.8
14.03876,-30,1.1,1.1,0.8,0.8,0.8
15.97989,-23.32256,1.1,1.1,0.8,0.8,0.8
14.2519,-6.881989,1.1,1.1,0.8,0.8,0.8
18.98518,-13.35538,1.1,1.1,0.8,0.8,0.8
-0.3840208,-16.48053,1.1,1.1,0.8,0.8,0.8
19.41286,-19.82858,1.1,1.1,0.8,0.8,0.8
30,-13.06323,1.1,1.1,0.8,0.8,0.8
30,-16.23684,1.1,1.1,0.8,0.8,0.8
13.60436,-17.48157,1.1,1.1,0.8,0.8,0.8
9.336307,-7.838888,1.1,1.1,0.8,0.8,0.8
9.190736,-1.734817,1.1,1.1,0.8,0.8,0.8
15.30501,-16.22645,1.1,1.1,0.8,0.8,0.8
2.542143,-16.0875,1.1,1.1,0.8,0.8,0.8
19.0776,-12.1906,1.1,1.1,0.8,0.8,0.8
30,-8.401371,1.1,1.1,0.8,0.8,0.8
21.01755,-2.469888,1.1,1.1,0.8,0.8,0.8
26.90537,-6.473633,1.1,1.1,0.8,0.8,0.8
21.97518,10.1137,1.1,1.1,0.4817988,0.508379,0.8
9.27343,6.541151,1.1,1.1,0.8,0.8,0.4449691
21.65991,-6.687471,1.1,1.1,0.8,0.8,0.8
24.78323,-17.51604,1.1,1.1,0.8,0.8,0.8
30,-21.48479,1.1,1.1,0.8,0.8,0.8
25.34435,5.116126,1.1,1.1,0.8,0.8,0.8
-1.97019,-1.655966,1.1,1.1,0.8,0.8,0.8
9.755773,-5.33845,1.1,1.1,0.8,0.8,0.8
11.67495,-20.15126,1.1,1.1,0.8,0.8,0.8
29.30982,-14.21031,1.1,1.1,0.8,0.8,0.8
25.70881,-16.3008,1.1,1.1,0.8,0.8,0.8
24.75229,-11.03603,1.1,1.1,0.8,0.8,0.8
30,-9.068691,1.1,1.1,0.8,0.8,0.8
16.32168,1.343949,1.1,1.1,0.8,0.8,0.8
15.08279,5.619281,1.1,1.1,0.8,0.4671317,0.8
10.55893,-15.15876,1.1,1.1,0.8,0.8,0.4284124
6.821479,-6.966712,1.1,1.1,0.8,0.8,0.8
20.37242,-19.35516,1.1,1.1,0.8,0.8,0.8
13.06431,-4.604908,1.1,1.1,0.8,0.8,0.4614522
13.73631,-16.93253,1.1,1.1,0.8,0.8,0.8
30,-13.95102,1.1,1.1,0.8,0.8,0.8
16.29169,-5.458977,1.1,1.1,0.8,0.8,0.8
15.21141,-5.236097,1.1,1.1,0.8,0.8,0.8
12.29368,-22.22601,1.1,1.1,0.8,0.8,0.8
30,-4.97511,1.1,1.1,0.8,0.8,0.8
21.74263,-1.245723,1.1,1.1,0.8,0.8,0.8
8.425475,-21.39066,1.1,1.1,0.8,0.8,0.8
20.38447,-21.9383,1.1,1.1,0.8,0.8,0.8
15.5056,-9.09841,1.1,1.1,0.8,0.8,0.8
6.925723,-8.004931,1.1,1.1,0.8,0.8,0.8
30,-2.02004,1.1,1.1,0.8,0.8,0.8
30,-2.141581,1.1,1.1,0.8,0.8,0.8
26.77294,5.351211,1.1,1.1,0.8,0.8,0.8
30,-11.11248,1.1,1.1,0.8,0.8,0.8
-1.740826,-26.17549,1.1,1.1,0.8,0.8,0.8
18.30031,-7.250343,1.1,1.1,0.2107187,0.8,0.8
20.89922,29.67586,1.1,1.1,0.2144564,0.2260351,0.8
-19.61804,25.6184,1.1,1.1,0.8,0.2470072,0.2494525
8.117393,-27.09503,1.1,1.1,0.8,0.8,0.2246207
15.58609,16.19955,1.1,1.1,0.8,0.8,0.179774
16.16736,-20.46725,1.1,1.1,0.8,0.8,0.8
6.058314,-5.395014,1.1,1.1,0.8,0.8,0.8
12.45113,-5.546788,1.1,1.1,0.8,0.8,0.8
23.27017,3.760011,1.1,1.1,0.8,0.8,0.8
19.67969,-8.277825,1.1,1.1,0.8,0.8,0.8
19.36616,-20.51029,1.1,1.1,0.8,0.8,0.8
12.48897,-15.38918,1.1,1.1,0.8,0.8,0.8
25.76871,-18.59715,1.1,1.1,0.8,0.8,0.8
8.537215,-11.8136,1.1,0.7898864,0.8,0.8,0.8
30,-18.56188,1.1,0.789653,0.8,0.8,0.8
-5.523949,-25.60795,1.1,0.7897411,0.8,0.8,0.8
9.1721,-17.76666,1.1,0.7896894,0.8,0.8,0.8
27.25325,-11.49362,1.1,0.7896113,0.8,0.8,0.8
30,-9.364802,1.1,0.7898148,0.8,0.8,0.8
30,-8.144954,1.1,1.1,0.4615416,0.8,0.8
21.43017,20.25706,1.1,1.1,0.4256061,0.4335323,0.8
13.939,11.91869,1.1,1.1,0.8,0.4066099,0.359273
-2.164341,-3.723476,1.1,1.1,0.8,0.8,0.2746829
17.26754,-15.27159,1.1,1.1,0.8,0.8,0.8
15.388,-2.78492,1.1,1.1,0.8,0.8,0.8
22.6026,-9.016885,1.1,1.1,0.8,0.8,0.8
30,-20.16852,1.1,1.1,0.8,0.8,0.8
15.97127,-16.90489,1.1,1.1,0.8,0.8,0.8
10.64779,1.517967,1.1,1.1,0.8,0.8,0.8
16.93996,-11.37867,1.1,1.1,0.8,0.8,0.8
28.32586,-20.40969,1.1,1.1,0.8,0.8,0.8
-6.465692,-17.28262,1.1,1.1,0.8,0.8,0.8
19.60734,-14.78577,1.1,1.1,0.8,0.8,0.8
26.16411,-19.19054,1.1,1.1,0.8,0.8,0.8
17.12652,-9.32292,1.1,1.1,0.8,0.8,0.8
22.99303,-21.62756,1.1,1.1,0.8,0.8,0.8
11.26664,-8.361778,1.1,1.1,0.2535218,0.8,0.8
14.12486,8.056973,1.1,1.1,0.2672403,0.2204534,0.8
-9.588593,30,1.1,1.1,0.8,0.222619,0.2368736
9.279699,3.36776,1.1,1.1,0.8,0.2317715,0.2116324
-5.177473,25.34795,1.1,1.1,0.8,0.2506928,0.1773953
-10.24639,23.75617,1.1,1.1,0.8,0.1914883,0.1542278
8.063953,26.86334,1.1,1.1,0.8,0.1879277,0.1525147
-11.73356,15.9436,1.1,1.1,0.8,0.1440285,0.1435727
-2.008063,27.31491,1.1,1.1,0.09524643,0.09174854,0.8
20.11901,30,1.1,1.1,0.07148398,0.06925896,0.8
30,9.991083,1.1,1.1,0.05140301,0.8,0.8
19.66811,30,1.1,1.1,0.04446905,0.07435993,0.8
27.27773,-28.22821,1.1,1.1,0.04515132,0.8,0.8
30,-16.20593,1.1,1.1,0.04859852,0.8,0.8
21.58119,-2.301332,1.1,1.1,0.04618423,0.8,0.8
10.08039,30,1.1,1.1,0.04692318,0.07694602,0.8
15.10755,30,1.1,1.1,0.04618472,0.07989175,0.8
30,30,1.1,1.1,0.05127082,0.09311629,0.8
29.89651,30,1.1,1.1,0.04898652,0.08024927,0.8
6.841527,30,1.1,1.1,0.04712119,0.06257544,0.8
5.772389,22.87314,1.1,1.1,0.04571388,0.078986,0.8
30,-1.852657,1.1,1.1,0.04639927,0.8,0.8
30,27.41157,1.1,1.1,0.04633365,0.1104206,0.8
17.14997,-5.876279,1.1,1.1,0.04783332,0.8,0.8
30,-1.319674,1.1,1.1,0.04558724,0.8,0.8
16.52202,19.25863,1.1,1.1,0.04526974,0.1083945,0.8
24.18252,-12.95964,1.1,1.1,0.0441285,0.8,0.8
30,-15.00784,1.1,1.1,0.04643362,0.8,0.8
24.44273,30,1.1,1.1,0.04419869,0.1081321,0.8
22.74107,30,1.1,1.1,0.04585737,0.1097231,0.8
25.19324,-7.202489,1.1,1.1,0.04361991,0.8,0.8
8.146261,30,1.1,1.1,0.04577999,0.1107323,0.8
20.6999,27.58448,1.1,1.1,0.04425506,0.09150187,0.8
20.00149,-19.12935,1.1,1.1,0.04591258,0.8,0.8
30,-28.86603,1.1,1.1,0.04491232,0.8,0.8
30,30,1.1,1.1,0.04664258,0.1104391,0.8
30,-0.9620268,1.1,1.1,0.04845916,0.8,0.8
30,-24.57006,1.1,1.1,0.04669426,0.8,0.8
25.24146,30,1.1,1.1,0.04356796,0.07151974,0.8
-1.444774,30,1.1,1.1,0.0471428,0.04277124,0.8
23.22689,30,1.1,1.1,0.04605222,0.03970791,0.8
5.544213,30,1.1,1.1,0.04993975,0.04010276,0.8
8.804092,28.61067,1.1,1.1,0.04917531,0.04230964,0.8
11.2358,30,1.1,1.1,0.05204349,0.04140572,0.8
11.60826,27.58352,1.1,1.1,0.04660612,0.03948536,0.8
21.5437,30,1.1,1.1,0.04696986,0.04082252,0.8
8.445145,30,1.1,1.1,0.04307861,0.1082396,0.8
30,30,1.1,1.1,0.04489683,0.08355139,0.8
9.816362,30,1.1,1.1,0.04577103,0.07923274,0.8
3.303348,30,1.1,1.1,0.0458611,0.111036,0.8
19.47003,-17.56089,1.1,1.1,0.04371036,0.8,0.8
27.38396,30,1.1,1.1,0.04779603,0.07543697,0.8
7.342448,30,1.1,1.1,0.04756552,0.112965,0.8
30,-10.94508,1.1,1.1,0.04646574,0.8,0.8
19.19592,30,1.1,1.1,0.04930276,0.112807,0.8
30,-12.41192,1.1,1.1,0.04686246,0.8,0.8
28.04964,0.7838733,1.1,1.1,0.04554421,0.8,0.8
30,-8.126388,1.1,1.1,0.04657949,0.8,0.8
30,-22.41032,1.1,1.1,0.04633203,0.8,0.8
-2.985147,30,1.1,1.1,0.04973134,0.08370577,0.8
20.81408,30,1.1,1.1,0.04915448,0.07831567,0.8
19.34085,25.71833,1.1,1.1,0.04676897,0.1113778,0.8
9.641125,30,1.1,1.1,0.04627098,0.06732738,0.8
11.03461,30,1.1,1.1,0.04461052,0.05467744,0.8
21.76756,30,1.1,1.1,0.0460148,0.04796261,0.8
18.6302,30,1.1,1.1,0.04804898,0.04185257,0.8
6.355324,30,1.1,1.1,0.04684043,0.04463617,0.8
13.9564,30,1.1,1.1,0.04588315,0.08729044,0.8
26.96712,26.9139,1.1,1.1,0.04728015,0.05930105,0.8
22.6089,28.51143,1.1,1.1,0.04476608,0.06464057,0.8
13.74066,-11.46741,1.1,1.1,0.03868052,0.8,0.8
24.46751,0.2390266,1.1,1.1,0.0446464,0.8,0.8
30,30,1.1,1.1,0.04594395,0.09024613,0.8
26.69562,30,1.1,1.1,0.04800016,0.1115534,0.8
26.85008,9.290589,1.1,1.1,0.04669972,0.8,0.8
20.59235,8.042414,1.1,1.1,0.0462586,0.8,0.8
30,-2.698363,1.1,1.1,0.04200259,0.8,0.8
23.64417,-12.75968,1.1,1.1,0.0456897,0.8,0.8
26.44039,22.91782,1.1,1.1,0.04801601,0.09283885,0.8
27.87259,30,1.1,1.1,0.04489861,0.08758726,0.8
29.4393,30,1.1,1.1,0.04727805,0.07250278,0.8
18.2797,30,1.1,1.1,0.045687,0.07056268,0.8
16.9286,30,1.1,1.1,0.04753388,0.08680623,0.8
26.97536,30,1.1,1.1,0.04671566,0.1110121,0.8
4.794077,30,1.1,1.1,0.04723519,0.1112256,0.8
12.15471,30,1.1,1.1,0.04492696,0.06851417,0.8
1.23977,26.08639,1.1,1.1,0.04958479,0.08387578,0.8
22.54965,30,1.1,1.1,0.04496481,0.1097558,0.8
30,-5.138458,1.1,1.1,0.05013015,0.8,0.8
24.8259,30,1.1,1.1,0.04926162,0.08770786,0.8
30,-22.00837,1.1,1.1,0.04639228,0.8,0.8
30,-2.842816,1.1,1.1,0.04619284,0.8,0.8
30,-0.6004835,1.1,1.1,0.0465834,0.8,0.8
12.91975,26.3992,1.1,1.1,0.04640516,0.1118828,0.8
20.5244,24.51735,1.1,1.1,0.04405665,0.07580429,0.8
20.4933,27.81512,1.1,1.1,0.04696979,0.08545958,0.8
21.4222,30,1.1,1.1,0.04593919,0.07208683,0.8
25.21918,-8.248746,1.1,1.1,0.04663051,0.8,0.8
-3.635475,30,1.1,1.1,0.04699074,0.07819535,0.8
27.50444,-7.089262,1.1,1.1,0.04480168,0.8,0.8
30,27.08014,1.1,1.1,0.04750136,0.1116626,0.8
23.60376,30,1.1,1.1,0.04910041,0.08231524,0.8
10.39083,30,1.1,1.1,0.04648912,0.109847,0.8
29.93082,-12.6941,1.1,1.1,0.04582142,0.8,0.8
22.9675,-16.69376,1.1,1.1,0.046689,0.8,0.8
30,-15.06845,1.1,1.1,0.04519339,0.8,0.8
16.3659,30,1.1,1.1,0.04723147,0.09102486,0.8
28.28847,22.94973,1.1,1.1,0.04579508,0.08820663,0.8
27.09909,30,1.1,1.1,0.04626269,0.06421083,0.8
26.08204,30,1.1,1.1,0.04645291,0.05559546,0.8
30,30,1.1,1.1,0.04659712,0.05124629,0.8
10.86682,30,1.1,1.1,0.04979575,0.0419853,0.8
16.14174,30,1.1,1.1,0.04559395,0.05159625,0.8
28.48861,28.27699,1.1,1.1,0.04694136,0.08529675,0.8
14.95182,22.40556,1.1,1.1,0.04571024,0.08658447,0.8
23.27315,29.64176,1.1,1.1,0.04410804,0.0879164,0.8
30,30,1.1,1.1,0.04677828,0.08887996,0.8
16.07038,30,1.1,1.1,0.04641115,0.09286782,0.8
27.58658,-6.136427,1.1,1.1,0.0419147,0.8,0.8
30,-0.7463796,1.1,1.1,0.04385198,0.8,0.8
26.21494,-11.91186,1.1,1.1,0.04721066,0.8,0.8
12.99491,-1.805671,1.1,1.1,0.04689744,0.8,0.8
25.78616,23.61864,1.1,1.1,0.04892423,0.06933878,0.8
13.0905,30,1.1,1.1,0.06201019,0.04743471,0.8
30,30,1.1,1.1,0.04942087,0.04182867,0.8
21.94204,11.76015,1.1,1.1,0.04590161,0.04220651,0.8
26.98491,30,1.1,1.1,0.04664689,0.04050479,0.8
30,30,1.1,1.1,0.04354694,0.03843793,0.8
21.60906,30,1.1,1.1,0.05119292,0.03870163,0.8
18.71947,30,1.1,1.1,0.0497543,0.04036625,0.8
13.97543,30,1.1,1.1,0.0484779,0.04135615,0.8
13.50288,30,1.1,1.1,0.04564182,0.07143196,0.8
20.38192,30,1.1,1.1,0.04689409,0.06497558,0.8
25.89596,-21.35442,1.1,1.1,0.03265647,0.8,0.8
10.30363,-12.74634,1.1,1.1,0.03179987,0.8,0.8
30,-0.9699911,1.1,1.1,0.03694367,0.8,0.8
16.49034,-4.890076,1.1,1.1,0.8,0.8,0.8
13.18943,-15.57384,1.1,1.1,0.8,0.8,0.8
14.85836,-20.00745,1.1,1.1,0.8,0.8,0.8
22.08252,-15.18301,1.1,1.1,0.8,0.8,0.8
25.76435,-7.175593,1.1,1.1,0.8,0.8,0.8
19.11209,-10.05823,1.1,1.1,0.8,0.8,0.8
25.82573,-6.022281,1.1,1.1,0.8,0.8,0.8
10.54935,-0.006991029,1.1,1.1,0.03510661,0.8,0.8
27.7554,-7.355459,1.1,1.1,0.02897967,0.8,0.8
13.03876,-16.41515,1.1,1.1,0.03422694,0.8,0.8
29.62713,-9.894206,1.1,1.1,0.04496863,0.8,0.8
0.8375823,30,1.1,1.1,0.07568874,0.07179227,0.8
30,30,1.1,1.1,0.08421666,0.06927718,0.8
-9.940749,24.6989,1.1,1.1,0.07080749,0.0676345,0.097073
21.55546,30,1.1,1.1,0.04030148,0.05952423,0.8
8.673917,30,1.1,1.1,0.03335234,0.04226374,0.8
22.58452,-24.30689,1.1,1.1,0.02876524,0.8,0.8
19.15603,-19.17601,1.1,1.1,0.03613384,0.8,0.8
18.91962,-9.555208,1.1,1.1,0.8,0.8,0.8
30,0.8525181,1.1,1.1,0.8,0.8,0.8
30,-20.47111,1.1,1.1,0.8,0.8,0.8
9.108089,-5.153672,1.1,1.1,0.8,0.8,0.3521804
6.140121,-27.09429,1.1,1.1,0.8,0.8,0.8
20.28794,-10.70627,1.1,1.1,0.8,0.8,0.8
8.877182,-3.001229,1.1,1.1,0.8,0.8,0.8
30,-1.640103,1.1,1.1,0.8,0.8,0.8
20.14271,-7.397285,1.1,1.1,0.8,0.8,0.8
23.2576,-4.215374,1.1,1.1,0.8,0.8,0.8
25.75107,-0.00143528,1.1,1.1,0.8,0.8,0.8
19.01787,6.447886,1.1,1.1,0.8,0.8,0.8
15.6227,-14.28948,1.1,1.1,0.8,0.8,0.8
13.44457,-4.758678,1.1,1.1,0.8,0.8,0.8
9.18862,-19.75554,1.1,1.1,0.8,0.8,0.8
9.301563,-17.10862,1.1,1.1,0.8,0.8,0.8
18.66637,-15.09423,1.1,1.1,0.8,0.8,0.8
16.8627,-13.35523,1.1,1.1,0.8,0.8,0.8
14.38539,-13.71334,1.1,1.1,0.8,0.8,0.8
10.8162,-9.566982,1.1,1.1,0.8,0.8,0.8
24.21599,-14.59414,1.1,1.1,0.534938,0.8,0.8
22.50139,-1.520767,1.1,1.1,0.5220864,0.5181866,0.8
30,-5.748879,1.1,1.1,0.8,0.5010591,0.8
-1.556922,-17.15717,1.1,1.1,0.8,0.8,0.4657609
22.21815,-4.323874,1.1,1.1,0.8,0.8,0.8
29.03156,-17.76801,1.1,1.1,0.8,0.8,0.8
29.11679,-16.75346,1.1,1.1,0.8,0.8,0.8
22.58761,-0.2585459,1.1,1.1,0.8,0.8,0.8
27.47231,-10.90818,1.1,1.1,0.8,0.8,0.8
13.89606,-11.42215,1.1,1.1,0.8,0.8,0.8
24.831,-11.78766,1.1,1.1,0.8,0.8,0.8
22.81506,-5.920031,1.1,1.1,0.8,0.8,0.8
12.30372,-22.34569,1.1,1.1,0.8,0.8,0.8
22.60067,0.3151369,1.1,1.1,0.8,0.8,0.8
9.615618,4.743918,1.1,1.1,0.8,0.8,0.8
10.60113,-13.05653,1.1,1.1,0.8,0.8,0.8
30,-30,1.1,1.1,0.8,0.8,0.8
17.77937,-3.230124,1.1,1.1,0.5245264,0.8,0.8
30,5.818518,1.1,1.1,0.8,0.4799582,0.8
29.62035,3.780964,1.1,1.1,0.8,0.8,0.4405892
-6.874517,-15.82004,1.1,1.1,0.8,0.8,0.8
17.64913,1.47942,1.1,1.1,0.8,0.8,0.8
14.9271,-22.77376,1.1,1.1,0.8,0.8,0.8
22.99024,-16.75029,1.1,1.1,0.8,0.8,0.8
25.81813,-20.01065,1.1,1.1,0.8,0.8,0.8
9.952497,-13.8582,1.1,1.1,0.8,0.8,0.8
19.38754,-20.00086,1.1,1.1,0.8,0.8,0.8
28.57517,-16.03695,1.1,1.1,0.8,0.8,0.8
30,-17.89001,1.1,1.1,0.8,0.8,0.8
0.9143341,-12.77548,1.1,1.1,0.8,0.8,0.8
18.89092,-13.66712,1.1,1.1,0.8,0.8,0.8
24.61574,-10.66778,1.1,1.1,0.8,0.8,0.8
1.849969,-19.76496,1.1,1.1,0.8,0.8,0.8
30,18.38016,1.1,1.1,0.4962294,0.4786743,0.8
10.90144,-9.068233,1.1,1.1,0.8,0.4779939,0.8
21.48152,0.1128989,1.1,1.1,0.8,0.458449,0.8
6.494212,-0.6994674,1.1,1.1,0.8,0.8,0.4150228
-0.4247165,-22.2885,1.1,1.1,0.8,0.8,0.8
15.62524,-18.96483,1.1,1.1,0.8,0.8,0.8
4.688968,-7.12192,1.1,1.1,0.8,0.8,0.8
5.556331,-2.673622,1.1,1.1,0.8,0.8,0.8
29.21107,-16.37668,1.1,1.1,0.8,0.8,0.8
13.0845,-18.83117,1.1,1.1,0.8,0.8,0.8
20.93181,-9.907219,1.1,1.1,0.8,0.8,0.8
9.541931,-27.43768,1.1,1.1,0.8,0.8,0.8
6.33196,-12.59101,1.1,1.1,0.8,0.8,0.8
12.52544,-5.655573,1.1,1.1,0.8,0.8,0.8
17.34814,-29.63931,1.1,1.1,0.8,0.8,0.8
20.89433,-12.90188,1.1,1.1,0.8,0.8,0.8
24.89978,-18.71967,1.1,1.1,0.8,0.8,0.8
-2.506148,4.775565,1.1,1.1,0.8,0.8,0.8
10.06682,-19.30979,1.1,1.1,0.8,0.8,0.8
11.47703,-17.27146,1.1,1.1,0.8,0.8,0.8
30,-12.44012,1.1,1.1,0.8,0.8,0.8
20.15143,-11.12107,1.1,1.1,0.8,0.8,0.8
30,2.349087,1.1,1.1,0.3696813,0.8,0.8
17.39064,25.08706,1.1,1.1,0.3514302,0.3258051,0.8
4.839935,-10.28241,1.1,1.1,0.8,0.8,0.2771182
30,-16.73453,1.1,1.1,0.8,0.8,0.8
11.16554,-4.120946,1.1,1.1,0.8,0.8,0.8
21.45581,-8.684291,1.1,1.1,0.8,0.8,0.8
28.99828,-23.09946,1.1,1.1,0.8,0.8,0.8
29.3837,-22.178,1.1,1.1,0.8,0.8,0.8
24.57641,-30,1.1,1.1,0.8,0.8,0.8
15.06328,3.566088,1.1,1.1,0.8,0.8,0.8
6.167201,-28.92058,1.1,1.1,0.8,0.8,0.8
21.29852,-15.30533,1.1,1.1,0.8,0.8,0.8
16.73279,-16.62481,1.1,1.1,0.8,0.8,0.8
2.627591,-19.83248,1.1,1.1,0.8,0.8,0.8
13.20919,-8.078419,1.1,1.1,0.8,0.8,0.8
16.07357,-11.57784,1.1,1.1,0.8,0.8,0.8
9.013457,-23.75545,1.1,1.1,0.8,0.8,0.8
24.64473,2.881156,1.1,1.1,0.3167192,0.8,0.8
10.82021,30,1.1,1.1,0.2546305,0.2887557,0.8
-6.31682,10.08931,1.1,1.1,0.8,0.236582,0.2187468
0.9636122,-13.93721,1.1,1.1,0.8,0.8,0.1742827
-18.14867,15.0124,1.1,1.1,0.8,0.8,0.1279972
2.720874,15.43926,1.1,1.1,0.8,0.8,0.1139473
1.378777,10.11096,1.1,1.1,0.8,0.8,0.11964
-11.65931,2.941577,1.1,1.1,0.8,0.8,0.147693
30,-14.68476,1.1,1.1,0.8,0.8,0.8
-4.168345,4.769338,1.1,1.1,0.8,0.8,0.2250563
-1.647413,8.604782,1.1,1.1,0.8,0.8,0.2347004
-0.1165134,5.140653,1.1,1.1,0.8,0.8,0.2467874
-7.666453,22.73937,1.1,1.1,0.8,0.2140241,0.2360685
10.85051,21.7508,1.1,1.1,0.8,0.1748359,0.8
11.12539,22.1597,1.1,1.1,0.1897394,0.1530845,0.8
18.13971,30,1.1,1.1,0.1524516,0.1434251,0.8
30,-12.57759,1.1,1.1,0.05637737,0.8,0.8
18.26152,-25.38474,1.1,1.1,0.8,0.8,0.8
18.89999,-2.682734,1.1,1.1,0.8,0.8,0.8
19.72418,-13.09858,1.1,1.1,0.8,0.8,0.8
13.80356,-14.93238,1.1,1.1,0.8,0.8,0.8
21.98021,-11.42089,1.1,1.1,0.8,0.8,0.8
16.62491,-8.044227,1.1,1.1,0.8,0.8,0.8
21.40824,-12.30536,1.1,1.1,0.8,0.8,0.8
16.76324,-12.84595,1.1,1.1,0.8,0.8,0.8
10.36598,-20.84276,1.1,1.1,0.8,0.8,0.8
13.36276,-17.08101,1.1,1.1,0.8,0.8,0.8
14.57286,-13.93032,1.1,1.1,0.8,0.8,0.8
30,-20.84718,1.1,1.1,0.08042088,0.8,0.8
26.84351,0.8148271,1.1,1.1,0.05483481,0.8,0.8
28.04128,4.238081,1.1,1.1,0.03224831,0.8,0.8
30,-1.131129,1.1,1.1,0.03102961,0.8,0.8
25.26777,-13.88054,1.1,1.1,0.03361214,0.8,0.8
17.0769,-11.31856,1.1,1.1,0.8,0.8,0.8
3.323733,-2.684367,1.1,1.1,0.8,0.8,0.8
15.59423,-8.019719,1.1,1.1,0.8,0.8,0.8
17.97293,-21.70822,1.1,1.1,0.8,0.8,0.8
16.40975,-14.55038,1.1,1.1,0.8,0.8,0.8
28.60343,-5.84696,1.1,1.1,0.8,0.8,0.8
19.15718,1.969947,1.1,1.1,0.8,0.8,0.8
29.83131,-19.13768,1.1,1.1,0.8,0.8,0.8
15.2133,-2.370613,1.1,1.1,0.8,0.8,0.8
3.382043,-8.699692,1.1,1.1,0.8,0.8,0.8
18.17232,-0.009380579,1.1,1.1,0.8,0.8,0.8
16.42663,-8.382281,1.1,1.1,0.8,0.8,0.8
24.75614,-15.44007,1.1,1.1,0.8,0.8,0.8
30,4.661057,1.1,1.1,0.8,0.8,0.8
20.39057,-8.790668,1.1,1.1,0.8,0.8,0.8
3.997456,-11.096,1.1,1.1,0.8,0.8,0.8
5.947977,-6.380759,1.1,1.1,0.8,0.8,0.8
15.56057,-12.24958,1.1,1.1,0.8,0.8,0.8
26.72134,-2.26342,1.1,1.1,0.8,0.8,0.8
25.40569,-8.552218,1.1,1.1,0.8,0.8,0.8
7.650074,0.192591,1.1,1.1,0.8,0.8,0.8
24.11033,-10.04706,1.1,1.1,0.8,0.8,0.8
23.95877,-12.09781,1.1,1.1,0.8,0.8,0.8
8.12078,-9.065619,1.1,1.1,0.8,0.8,0.8
14.97806,-29.58943,1.1,1.1,0.8,0.8,0.8
30,-19.30334,1.1,1.1,0.8,0.8,0.8
30,-27.04661,1.1,1.1,0.8,0.8,0.8
24.82038,0.4684651,1.1,1.1,0.8,0.8,0.8
30,-29.89471,1.1,1.1,0.8,0.8,0.8
27.28445,-13.72963,1.1,1.1,0.8,0.8,0.8
29.06631,-16.63683,1.1,1.1,0.8,0.8,0.8
14.97335,-18.79791,1.1,1.1,0.8,0.8,0.8
26.73918,-2.899937,1.1,1.1,0.03670223,0.8,0.8
30,-22.25529,1.1,1.1,0.05079122,0.8,0.8
14.18106,-2.597141,1.1,1.1,0.8,0.8,0.8
14.05355,0.5585647,1.1,1.1,0.8,0.8,0.8
12.60882,-3.486303,1.1,1.1,0.8,0.8,0.8
26.27354,-18.81963,1.1,1.1,0.8,0.8,0.8
14.9359,-20.86664,1.1,1.1,0.8,0.8,0.8
23.79556,-15.60972,1.1,1.1,0.8,0.8,0.8
19.39591,-24.95817,1.1,1.1,0.8,0.8,0.8
24.79984,1.054628,1.1,1.1,0.8,0.8,0.8
30,-25.32654,1.1,1.1,0.1243564,0.8,0.8
22.93725,-9.880502,1.1,1.1,0.02892364,0.8,0.8
8.67867,30,1.1,1.1,0.0201875,0.07718307,0.8
16.06343,18.48032,1.1,1.1,0.04906768,0.04085528,0.04218726
13.74245,7.992611,1.1,1.1,0.04439015,0.03327804,0.03118652
-0.3289282,7.36422,1.1,1.1,0.03481184,0.03170623,0.03622879
18.88264,28.04635,1.1,1.1,0.03622414,0.0316897,0.03493859
-13.76144,12.02329,1.1,1.1,0.03275654,0.03112447,0.03785665
-3.746161,28.36236,1.1,1.1,0.03406132,0.03117255,0.03652207
-1.549833,14.81959,1.1,1.1,0.03481082,0.03154092,0.03606895
14.8223,24.73883,1.1,1.1,0.03521826,0.03106045,0.03472507
-9.264548,30,1.1,1.1,0.03421468,0.03096736,0.03603212
10.95828,29.87381,1.1,1.1,0.03325287,0.03028909,0.03553591
-5.670318,10.80216,1.1,1.1,0.03731853,0.03268074,0.03614455
17.80304,18.52142,1.1,1.1,0.038202,0.03141002,0.03276804
-11.61167,19.99864,1.1,1.1,0.03310128,0.02990918,0.03445616
-6.414546,21.70769,1.1,1.1,0.03560372,0.03145418,0.03518255
-3.509248,21.78801,1.1,1.1,0.03346656,0.02980482,0.0338515
-0.88424,17.26388,1.1,1.1,0.03339187,0.02940305,0.03307809
-3.470625,30,1.1,1.1,0.03424777,0.02968257,0.03293309
5.784778,22.66084,1.1,1.1,0.03249573,0.02897221,0.03309726
1.849222,21.8161,1.1,1.1,0.03207637,0.02804723,0.03225676
-9.025201,30,1.1,1.1,0.02943564,0.02770383,0.03370093
-5.723523,26.47467,1.1,1.1,0.03055818,0.02853608,0.03418927
2.623722,19.48979,1.1,1.1,0.03200999,0.0276078,0.03087942
3.168929,30,1.1,1.1,0.02660459,0.02610827,0.03320177
1.629843,14.42803,1.1,1.1,0.0311655,0.02690819,0.03026528
-0.2062167,19.75701,1.1,1.1,0.03081229,0.02792207,0.03268129
1.794786,17.45661,1.1,1.1,0.03021768,0.02590703,0.02919537
4.324506,30,1.1,1.1,0.02892422,0.02810338,0.03484175
-11.03245,29.22009,1.1,1.1,0.03294815,0.02947677,0.03363936
1.601057,13.56599,1.1,1.1,0.03153984,0.02824992,0.032543
-6.552055,9.022693,1.1,1.1,0.0331239,0.02909534,0.03269452
3.225034,16.07746,1.1,1.1,0.03462254,0.03040935,0.03401666
-11.41604,20.55711,1.1,1.1,0.03418413,0.02954725,0.03267605
-5.291575,29.82509,1.1,1.1,0.03120901,0.02850108,0.03393988
4.760377,15.3717,1.1,1.1,0.03320427,0.02907652,0.03264146
3.085745,15.95378,1.1,1.1,0.03402428,0.02970351,0.03314968
5.200225,28.23804,1.1,1.1,0.03231893,0.02887109,0.03303155
1.94626,7.177825,1.1,1.1,0.03468683,0.02944419,0.03204323
16.23644,16.05174,1.1,1.1,0.0350806,0.02936279,0.03156051
8.192982,15.97762,1.1,1.1,0.03480884,0.03083996,0.03465581
-2.601707,13.69674,1.1,1.1,0.03383449,0.03047264,0.03476023
-17.60091,24.18868,1.1,1.1,0.03336482,0.03012456,0.03465378
-12.0443,22.90717,1.1,1.1,0.03248095,0.02877028,0.03268452
2.162292,21.27103,1.1,1.1,0.03299221,0.02895978,0.03261562
1.317258,17.52871,1.1,1.1,0.03287881,0.02913165,0.03305544
-3.740925,24.8578,1.1,1.1,0.0317178,0.02884979,0.0335554
-2.302908,10.70474,1.1,1.1,0.03347377,0.02920354,0.03273422
5.555286,11.72968,1.1,1.1,0.03383708,0.02825947,0.03067292
-15.45404,30,1.1,1.1,0.03121417,0.02728141,0.03083802
23.65577,18.38063,1.1,1.1,0.03307732,0.02753028,0.03021968
-0.9218211,15.12937,1.1,1.1,0.03272647,0.02889696,0.03272471
2.761613,24.62703,1.1,1.1,0.03445191,0.02944318,0.03231179
-5.624661,30,1.1,1.1,0.03223854,0.02807235,0.03154548
-3.349962,26.39474,1.1,1.1,0.03324107,0.02952245,0.0335009
-7.543847,20.38812,1.1,1.1,0.0339538,0.02966847,0.03317681
-1.564482,30,1.1,1.1,0.03150753,0.02790733,0.03197007
-12.89128,17.58592,1.1,1.1,0.03259977,0.02808849,0.03125368
-3.652264,10.46375,1.1,1.1,0.03427587,0.02981282,0.03308417
-10.3762,8.644931,1.1,1.1,0.03290885,0.02751331,0.02993474
1.897535,16.30282,1.1,1.1,0.02933838,0.02668548,0.03150106
-11.07213,30,1.1,1.1,0.0290282,0.02622685,0.03088059
-13.31368,23.22658,1.1,1.1,0.03048609,0.02820771,0.03342789
11.13098,12.94077,1.1,1.1,0.03101932,0.02773659,0.03202362
13.36915,30,1.1,1.1,0.03110949,0.02758085,0.03166544
6.355197,30,1.1,1.1,0.03082018,0.02819929,0.03314398
5.602303,7.378504,1.1,1.1,0.03372203,0.02926349,0.03306194
-17.33854,24.22747,1.1,1.1,0.03400738,0.03048671,0.0347735
-12.88126,27.82152,1.1,1.1,0.03243176,0.02972318,0.03474423
-0.6833233,26.2802,1.1,1.1,0.03229451,0.02840099,0.03217244
-21.94911,12.69645,1.1,1.1,0.03287215,0.02882041,0.0324497
1.839055,23.8293,1.1,1.1,0.03313255,0.02837682,0.03183539
-11.36524,23.20124,1.1,1.1,0.033767,0.02958932,0.03315776
11.09311,26.63629,1.1,1.1,0.0320782,0.02938675,0.03486811
-16.14345,14.32513,1.1,1.1,0.03360197,0.02985227,0.03379374
16.12272,7.103969,1.1,1.1,0.03668975,0.03251332,0.03628179
12.29651,30,1.1,1.1,0.03554353,0.03088736,0.03405447
5.961846,13.38223,1.1,1.1,0.02999601,0.02886572,0.03593933
5.692729,19.75326,1.1,1.1,0.0288517,0.02940074,0.03774412
-23.81939,30,1.1,1.1,0.02945803,0.02922956,0.03662448
-11.40833,30,1.1,1.1,0.03210454,0.0302336,0.03602068
-8.349467,30,1.1,1.1,0.03586742,0.03071328,0.03344618
2.656553,19.94783,1.1,1.1,0.0356705,0.03079488,0.03375721
-13.83928,10.74503,1.1,1.1,0.03449291,0.03049685,0.03424569
8.958456,16.66829,1.1,1.1,0.03425351,0.03098544,0.03540256
-6.846395,30,1.1,1.1,0.03493321,0.03093534,0.03466278
-12.06002,22.10177,1.1,1.1,0.03572486,0.0314758,0.03496398
-2.633945,15.95921,1.1,1.1,0.03643128,0.03141393,0.03431492
0.7866431,11.08351,1.1,1.1,0.0355957,0.03064262,0.03353835
0.2023823,30,1.1,1.1,0.03641456,0.03214194,0.035717
-15.47492,29.08949,1.1,1.1,0.0353657,0.03109995,0.03462438
-0.5368848,19.71069,1.1,1.1,0.03542763,0.03195123,0.03626117
6.655572,21.52257,1.1,1.1,0.03568479,0.03048775,0.03313868
2.829555,18.29496,1.1,1.1,0.03504279,0.02918001,0.0313035
-13.80849,30,1.1,1.1,0.0332726,0.02946381,0.03384617
4.12368,4.710379,1.1,1.1,0.03968934,0.03251311,0.03372284
-9.113572,30,1.1,1.1,0.03387304,0.02954953,0.03288152
-11.78453,30,1.1,1.1,0.03738527,0.03227224,0.03507749
-4.168603,21.1894,1.1,1.1,0.03420061,0.02972966,0.03295708
-4.939489,22.09849,1.1,1.1,0.03348447,0.0295298,0.03323906
-10.8238,24.5743,1.1,1.1,0.03497303,0.03001479,0.03329942
-8.749427,18.44389,1.1,1.1,0.03104373,0.02713301,0.03078378
-9.275036,13.44324,1.1,1.1,0.03435196,0.03049214,0.03426418
8.433599,29.31742,1.1,1.1,0.03445252,0.03055407,0.03430317
-11.25361,30,1.1,1.1,0.03406214,0.0305087,0.03456235
19.10635,29.23919,1.1,1.1,0.03674871,0.02961,0.03057676
-1.854908,23.27004,1.1,1.1,0.03737076,0.03098027,0.03287745
-8.991096,22.22582,1.1,1.1,0.03197192,0.0296252,0.0349206
-7.469529,22.63059,1.1,1.1,0.03265597,0.02888118,0.03270427
5.070172,25.84403,1.1,1.1,0.03369536,0.02957205,0.03311346
2.256989,28.60575,1.1,1.1,0.03355471,0.02944159,0.03299012
-18.26883,25.62471,1.1,1.1,0.03493356,0.03053838,0.03394832
-1.430354,21.61858,1.1,1.1,0.02798458,0.02643679,0.03191169
-2.669404,23.43063,1.1,1.1,0.04044269,0.03167191,0.03233796
1.812936,18.81939,1.1,1.1,0.03330778,0.03045018,0.03519145
-13.25319,-6.159689,1.1,1.1,0.03444711,0.03115804,0.03555976
0.3464988,23.38282,1.1,1.1,0.03516332,0.03067263,0.0339944
-17.99715,30,1.1,1.1,0.03371936,0.02991659,0.033887
-0.004414469,17.32623,1.1,1.1,0.03532425,0.03078873,0.03408266
1.998574,25.02051,1.1,1.1,0.03663807,0.03127626,0.03384708
-4.341361,25.60036,1.1,1.1,0.03630852,0.0295408,0.03135274
-3.877587,26.765,1.1,1.1,0.03493845,0.03127039,0.03525912
-9.705317,15.54168,1.1,1.1,0.0344777,0.0303592,0.03396821
2.718446,6.279446,1.1,1.1,0.03705661,0.03249037,0.03578305
-7.422526,25.45639,1.1,1.1,0.03561901,0.03133136,0.03484461
10.97944,30,1.1,1.1,0.03593521,0.0323796,0.03654837
-7.845413,14.11122,1.1,1.1,0.03561568,0.03196898,0.03606409
4.05996,30,1.1,1.1,0.03344191,0.02988187,0.03449454
6.680915,30,1.1,1.1,0.03547364,0.03129539,0.03487645
1.713605,28.55919,1.1,1.1,0.03965083,0.03390698,0.03620788
-7.621329,30,1.1,1.1,0.03038576,0.029127,0.03603517
3.645054,30,1.1,1.1,0.03169047,0.02990333,0.03628101
-0.6753724,30,1.1,1.1,0.03512748,0.03129245,0.03523298
-20.1433,16.84189,0.7873471,1.1,0.03294493,0.0281463,0.0315026
-1.832556,25.19283,1.1,1.1,0.03379019,0.03177422,0.03712181
-26.28784,23.20535,1.1,1.1,0.03628971,0.03208565,0.03576238
9.132885,30,1.1,1.1,0.03502828,0.03146198,0.03547882
0.919953,25.35991,1.1,1.1,0.0365438,0.03278407,0.03688487
-14.05135,16.18188,0.7867508,1.1,0.03549282,0.02986675,0.03254416
1.65164,7.951973,1.1,1.1,0.03725316,0.03262531,0.03593491
-9.212946,27.84588,1.1,1.1,0.03565531,0.03172512,0.03562365
0.2090662,22.97715,1.1,1.1,0.03658184,0.03367018,0.03856521
1.334442,11.44829,1.1,1.1,0.03775714,0.03326762,0.03674892
-10.37726,29.73713,1.1,1.1,0.03800343,0.03187441,0.03373416
-3.827173,22.22799,0.7900655,1.1,0.0390854,0.03328761,0.03562348
-6.927564,14.91825,0.7899842,1.1,0.03710345,0.0324919,0.03586113
8.763731,29.07524,1.1,1.1,0.03932454,0.03087812,0.03086811
-13.88133,7.513053,0.7899838,1.1,0.03490632,0.03071419,0.034306
-3.070238,4.025737,0.787553,1.1,0.03491685,0.03090765,0.03521125
5.841579,7.618095,0.7898312,1.1,0.03431932,0.03080095,0.03498487
-11.71283,30,0.787679,1.1,0.03378413,0.0311883,0.03681746
2.977895,21.47076,0.7896281,1.1,0.02525181,0.02111635,0.02484153
-2.918776,25.33971,1.1,1.1,0.02621486,0.02479375,0.04842402
8.936992,-16.81747,0.7888072,0.7913342,0.8,0.8,0.8
26.08865,-4.276255,1.1,1.1,0.8,0.8,0.8
25.68105,-12.30073,1.1,1.1,0.0501972,0.8,0.8
6.828628,-23.72096,1.1,1.1,0.8,0.8,0.8
11.47089,26.72004,1.1,1.1,0.8,0.03085849,0.8
22.082,-13.47272,1.1,1.1,0.8,0.8,0.8
-6.329199,30,1.1,1.1,0.8,0.05237423,0.04195981
