Date,WinWL_80SD_12FOV,WinWL_40SD_6FOV
2021/06/09 08:25:44,1,0
2021/06/09 08:25:45,0,1
2021/06/09 08:25:49,0,1
2021/06/09 08:25:49,0,1
2021/06/09 08:25:51,1,0
2021/06/09 08:25:51,1,0
2021/06/09 08:25:51,1,0
2021/06/09 08:25:52,1,0
2021/06/09 08:25:53,1,0
2021/06/09 08:25:54,1,0
2021/06/09 08:25:54,1,0
2021/06/09 08:25:55,1,0
2021/06/09 08:25:56,1,0
2021/06/09 08:25:57,1,0
2021/06/09 08:25:59,0,1
2021/06/09 08:26:00,1,0
2021/06/09 08:26:00,1,0
2021/06/09 08:26:00,0,1
2021/06/09 08:26:01,1,0
2021/06/09 08:26:02,1,0
2021/06/09 08:26:02,0,1
2021/06/09 08:26:05,0,1
2021/06/09 08:26:05,0,1
2021/06/09 08:26:06,1,0
2021/06/09 08:26:06,1,0
2021/06/09 08:26:08,0,1
2021/06/09 08:26:09,1,0
2021/06/09 08:26:09,1,0
2021/06/09 08:26:09,1,0
2021/06/09 08:26:10,1,0
2021/06/09 08:26:11,1,0
2021/06/09 08:26:11,1,0
2021/06/09 08:26:12,1,0
2021/06/09 08:26:13,1,0
2021/06/09 08:26:13,0,1
2021/06/09 08:26:14,0,1
2021/06/09 08:26:17,1,0
2021/06/09 08:26:17,1,0
2021/06/09 08:26:17,1,0
2021/06/09 08:26:18,0,1
2021/06/09 08:26:18,0,1
2021/06/09 08:26:18,1,0
2021/06/09 08:26:19,0,1
2021/06/09 08:26:19,1,0
2021/06/09 08:26:20,1,0
2021/06/09 08:26:21,1,0
2021/06/09 08:26:22,1,0
2021/06/09 08:26:25,0,1
2021/06/09 08:26:25,0,1
2021/06/09 08:26:26,1,0
2021/06/09 08:26:26,1,0
2021/06/09 08:26:26,0,1
2021/06/09 08:26:27,1,0
2021/06/09 08:26:27,0,1
2021/06/09 08:26:27,1,0
2021/06/09 08:26:28,1,0
2021/06/09 08:26:28,0,1
2021/06/09 08:26:29,0,1
2021/06/09 08:26:29,0,1
2021/06/09 08:26:30,0,1
2021/06/09 08:26:33,1,0
2021/06/09 08:26:33,1,0
2021/06/09 08:26:34,1,0
2021/06/09 08:26:35,1,0
2021/06/09 08:26:36,1,0
2021/06/09 08:26:38,1,0
2021/06/09 08:26:40,0,1
2021/06/09 08:26:40,1,0
2021/06/09 08:26:42,1,0
2021/06/09 08:26:42,1,0
2021/06/09 08:26:43,1,0
2021/06/09 08:26:44,1,0
2021/06/09 08:26:45,0,1
2021/06/09 08:26:45,1,0
2021/06/09 08:26:46,1,0
2021/06/09 08:26:47,1,0
2021/06/09 08:26:50,0,1
2021/06/09 08:26:50,1,0
2021/06/09 08:26:56,0,1
2021/06/09 08:26:57,1,0
2021/06/09 08:26:57,1,0
2021/06/09 08:26:58,1,0
2021/06/09 08:26:58,0,1
2021/06/09 08:26:59,0,1
2021/06/09 08:27:01,0,1
2021/06/09 08:27:01,1,0
2021/06/09 08:27:02,1,0
2021/06/09 08:27:03,1,0
2021/06/09 08:27:06,1,0
2021/06/09 08:27:07,1,0
2021/06/09 08:27:07,1,0
2021/06/09 08:27:08,1,0
2021/06/09 08:27:11,0,1
2021/06/09 08:27:12,1,0
2021/06/09 08:27:13,1,0
2021/06/09 08:27:14,1,0
2021/06/09 08:27:16,1,0
2021/06/09 08:27:18,0,1
2021/06/09 08:27:18,1,0
2021/06/09 08:27:18,1,0
2021/06/09 08:27:20,1,0
2021/06/09 08:27:25,0,1
2021/06/09 08:27:26,1,0
2021/06/09 08:27:29,1,0
2021/06/09 08:27:29,0,1
2021/06/09 08:27:31,1,0
2021/06/09 08:27:32,1,0
2021/06/09 08:27:33,1,0
2021/06/09 08:27:34,1,0
2021/06/09 08:27:34,0,1
2021/06/09 08:27:34,0,1
2021/06/09 08:27:35,1,0
2021/06/09 08:27:36,1,0
2021/06/09 08:27:36,1,0
2021/06/09 08:27:39,1,0
2021/06/09 08:27:41,1,0
2021/06/09 08:27:46,0,1
2021/06/09 08:27:46,1,0
2021/06/09 08:27:49,1,0
2021/06/09 08:27:50,1,0
2021/06/09 08:27:54,1,0
2021/06/09 08:27:56,0,1
2021/06/09 08:27:56,1,0
2021/06/09 08:27:57,1,0
2021/06/09 08:27:58,1,0
2021/06/09 08:27:58,1,0
2021/06/09 08:27:59,1,0
2021/06/09 08:28:00,1,0
2021/06/09 08:28:09,1,0
2021/06/09 08:28:10,1,0
2021/06/09 08:28:13,0,1
2021/06/09 08:28:14,1,0
2021/06/09 08:28:17,0,1
2021/06/09 08:28:18,0,1
2021/06/09 08:28:18,0,1
2021/06/09 08:28:19,1,0
2021/06/09 08:28:20,1,0
2021/06/09 08:28:22,1,0
2021/06/09 08:28:24,0,1
2021/06/09 08:28:26,1,0
2021/06/09 08:28:28,0,1
2021/06/09 08:28:28,0,1
2021/06/09 08:28:31,1,0
2021/06/09 08:28:31,1,0
2021/06/09 08:28:34,1,0
2021/06/09 08:28:34,0,1
2021/06/09 08:28:35,1,0
2021/06/09 08:28:36,0,1
2021/06/09 08:28:37,1,0
2021/06/09 08:28:38,1,0
2021/06/09 08:28:39,1,0
2021/06/09 08:28:40,1,0
2021/06/09 08:28:40,1,0
2021/06/09 08:28:41,1,0
2021/06/09 08:28:41,1,0
2021/06/09 08:28:41,0,1
2021/06/09 08:28:42,0,1
2021/06/09 08:28:43,1,0
2021/06/09 08:28:45,0,1
2021/06/09 08:28:48,0,1
2021/06/09 08:28:49,1,0
2021/06/09 08:28:49,0,1
2021/06/09 08:28:51,0,1
2021/06/09 08:28:54,1,0
2021/06/09 08:28:54,0,1
2021/06/09 08:28:58,1,0
2021/06/09 08:28:59,1,0
2021/06/09 08:28:59,1,0
2021/06/09 08:29:00,1,0
2021/06/09 08:29:00,1,0
2021/06/09 08:29:00,0,1
2021/06/09 08:29:02,0,1
2021/06/09 08:29:03,0,1
2021/06/09 08:29:03,1,0
2021/06/09 08:29:05,1,0
2021/06/09 08:29:05,0,1
2021/06/09 08:29:10,1,0
2021/06/09 08:29:10,0,1
2021/06/09 08:29:11,1,0
2021/06/09 08:29:12,1,0
2021/06/09 08:29:14,1,0
2021/06/09 08:29:16,1,0
2021/06/09 08:29:17,0,1
2021/06/09 08:29:19,1,0
2021/06/09 08:29:20,1,0
2021/06/09 08:29:22,1,0
2021/06/09 08:29:26,0,1
2021/06/09 08:29:26,0,1
2021/06/09 08:29:27,0,1
2021/06/09 08:29:30,1,0
2021/06/09 08:29:32,1,0
2021/06/09 08:29:33,0,1
2021/06/09 08:29:34,0,1
2021/06/09 08:29:35,1,0
2021/06/09 08:29:35,0,1
2021/06/09 08:29:35,1,0
2021/06/09 08:29:36,1,0
2021/06/09 08:29:37,1,0
2021/06/09 08:29:39,1,0
2021/06/09 08:29:40,1,0
2021/06/09 08:29:42,1,0
2021/06/09 08:29:44,0,1
2021/06/09 08:29:44,1,0
2021/06/09 08:29:44,0,1
2021/06/09 08:29:46,1,0
2021/06/09 08:29:49,1,0
2021/06/09 08:29:53,1,0
2021/06/09 08:29:54,0,1
2021/06/09 08:29:54,1,0
2021/06/09 08:29:56,1,0
2021/06/09 08:29:56,0,1
2021/06/09 08:29:56,1,0
2021/06/09 08:29:57,0,1
2021/06/09 08:30:03,1,0
2021/06/09 08:30:04,0,1
2021/06/09 08:30:05,1,0
2021/06/09 08:30:06,1,0
2021/06/09 08:30:06,1,0
2021/06/09 08:30:07,1,0
2021/06/09 08:30:08,1,0
2021/06/09 08:30:08,1,0
2021/06/09 08:30:12,0,1
2021/06/09 08:30:12,0,1
2021/06/09 08:30:13,1,0
2021/06/09 08:30:15,1,0
2021/06/09 08:30:15,1,0
2021/06/09 08:30:15,1,0
2021/06/09 08:30:15,0,1
2021/06/09 08:30:16,1,0
2021/06/09 08:30:16,0,1
2021/06/09 08:30:19,1,0
2021/06/09 08:30:20,0,1
2021/06/09 08:30:21,1,0
2021/06/09 08:30:23,1,0
2021/06/09 08:30:24,0,1
2021/06/09 08:30:25,0,1
2021/06/09 08:30:25,1,0
2021/06/09 08:30:25,1,0
2021/06/09 08:30:25,1,0
2021/06/09 08:30:27,0,1
2021/06/09 08:30:29,1,0
2021/06/09 08:30:29,1,0
2021/06/09 08:30:31,0,1
2021/06/09 08:30:32,0,1
2021/06/09 08:30:32,1,0
2021/06/09 08:30:33,1,0
2021/06/09 08:30:33,1,0
2021/06/09 08:30:33,1,0
2021/06/09 08:30:33,1,0
2021/06/09 08:30:33,1,0
2021/06/09 08:30:33,1,0
2021/06/09 08:30:34,1,0
2021/06/09 08:30:35,1,0
2021/06/09 08:30:35,1,0
2021/06/09 08:30:36,0,1
2021/06/09 08:30:37,1,0
2021/06/09 08:30:37,1,0
2021/06/09 08:30:38,0,1
2021/06/09 08:30:39,1,0
2021/06/09 08:30:41,1,0
2021/06/09 08:30:41,1,0
2021/06/09 08:30:43,0,1
2021/06/09 08:30:44,1,0
2021/06/09 08:30:45,0,1
2021/06/09 08:30:45,1,0
2021/06/09 08:30:47,1,0
2021/06/09 08:30:47,1,0
2021/06/09 08:30:49,1,0
2021/06/09 08:30:49,1,0
2021/06/09 08:30:49,0,1
2021/06/09 08:30:50,0,1
2021/06/09 08:30:53,1,0
2021/06/09 08:30:53,1,0
2021/06/09 08:30:53,1,0
2021/06/09 08:30:54,1,0
2021/06/09 08:30:56,1,0
2021/06/09 08:30:59,1,0
2021/06/09 08:30:59,1,0
2021/06/09 08:31:00,1,0
2021/06/09 08:31:00,1,0
2021/06/09 08:31:03,0,1
2021/06/09 08:31:04,1,0
2021/06/09 08:31:05,1,0
2021/06/09 08:31:05,0,1
2021/06/09 08:31:07,1,0
2021/06/09 08:31:07,1,0
2021/06/09 08:31:08,0,1
2021/06/09 08:31:09,0,1
2021/06/09 08:31:10,0,1
2021/06/09 08:31:10,1,0
2021/06/09 08:31:17,0,1
2021/06/09 08:31:17,1,0
2021/06/09 08:31:18,1,0
2021/06/09 08:31:19,1,0
2021/06/09 08:31:21,0,1
2021/06/09 08:31:22,0,1
2021/06/09 08:31:24,0,1
2021/06/09 08:31:25,1,0
2021/06/09 08:31:26,0,1
2021/06/09 08:31:27,1,0
2021/06/09 08:31:28,0,1
2021/06/09 08:31:29,0,1
2021/06/09 08:31:29,1,0
2021/06/09 08:31:29,1,0
2021/06/09 08:31:30,1,0
2021/06/09 08:31:32,0,1
2021/06/09 08:31:32,1,0
2021/06/09 08:31:33,0,1
2021/06/09 08:31:33,0,1
2021/06/09 08:31:34,0,1
2021/06/09 08:31:34,1,0
2021/06/09 08:31:35,0,1
2021/06/09 08:31:36,1,0
2021/06/09 08:31:36,1,0
2021/06/09 08:31:38,0,1
2021/06/09 08:31:38,0,1
2021/06/09 08:31:39,1,0
2021/06/09 08:31:39,0,1
2021/06/09 08:31:39,1,0
2021/06/09 08:31:40,1,0
2021/06/09 08:31:41,1,0
2021/06/09 08:31:41,1,0
2021/06/09 08:31:42,0,1
2021/06/09 08:31:44,1,0
2021/06/09 08:31:45,0,1
2021/06/09 08:31:48,1,0
2021/06/09 08:31:48,1,0
2021/06/09 08:31:49,1,0
2021/06/09 08:31:50,1,0
2021/06/09 08:31:52,1,0
2021/06/09 08:31:53,1,0
2021/06/09 08:31:54,1,0
2021/06/09 08:31:54,1,0
2021/06/09 08:31:55,1,0
2021/06/09 08:31:56,0,1
2021/06/09 08:31:57,1,0
2021/06/09 08:31:58,0,1
2021/06/09 08:31:58,1,0
2021/06/09 08:31:59,1,0
2021/06/09 08:31:59,0,1
2021/06/09 08:32:02,1,0
2021/06/09 08:32:04,0,1
2021/06/09 08:32:04,1,0
2021/06/09 08:32:05,1,0
2021/06/09 08:32:07,1,0
2021/06/09 08:32:08,0,1
2021/06/09 08:32:12,1,0
2021/06/09 08:32:12,1,0
2021/06/09 08:32:13,1,0
2021/06/09 08:32:14,1,0
2021/06/09 08:32:16,1,0
2021/06/09 08:32:17,0,1
2021/06/09 08:32:19,0,1
2021/06/09 08:32:19,1,0
2021/06/09 08:32:20,1,0
2021/06/09 08:32:20,0,1
2021/06/09 08:32:21,1,0
2021/06/09 08:32:21,1,0
2021/06/09 08:32:22,0,1
2021/06/09 08:32:23,1,0
2021/06/09 08:32:23,0,1
2021/06/09 08:32:24,1,0
2021/06/09 08:32:26,1,0
2021/06/09 08:32:27,1,0
2021/06/09 08:32:31,0,1
2021/06/09 08:32:32,1,0
2021/06/09 08:32:33,1,0
2021/06/09 08:32:34,0,1
2021/06/09 08:32:35,0,1
2021/06/09 08:32:35,0,1
2021/06/09 08:32:37,1,0
2021/06/09 08:32:39,1,0
2021/06/09 08:32:41,0,1
2021/06/09 08:32:41,0,1
2021/06/09 08:32:43,0,1
2021/06/09 08:32:45,1,0
2021/06/09 08:32:45,0,1
2021/06/09 08:32:45,1,0
2021/06/09 08:32:46,1,0
2021/06/09 08:32:47,1,0
2021/06/09 08:32:49,0,1
2021/06/09 08:32:49,1,0
2021/06/09 08:32:54,1,0
2021/06/09 08:33:02,1,0
2021/06/09 08:33:04,1,0
2021/06/09 08:33:05,1,0
2021/06/09 08:33:06,0,1
2021/06/09 08:33:11,1,0
2021/06/09 08:33:14,1,0
2021/06/09 08:33:14,0,1
2021/06/09 08:33:14,1,0
2021/06/09 08:33:16,0,1
2021/06/09 08:33:18,1,0
2021/06/09 08:33:21,0,1
2021/06/09 08:33:22,1,0
2021/06/09 08:33:23,0,1
2021/06/09 08:33:24,0,1
2021/06/09 08:33:24,0,1
2021/06/09 08:33:27,0,1
2021/06/09 08:33:29,0,1
2021/06/09 08:33:30,1,0
2021/06/09 08:33:32,1,0
2021/06/09 08:33:33,0,1
2021/06/09 08:33:34,1,0
2021/06/09 08:33:35,0,1
2021/06/09 08:33:35,1,0
2021/06/09 08:33:36,0,1
2021/06/09 08:33:36,1,0
2021/06/09 08:33:39,0,1
2021/06/09 08:33:39,1,0
2021/06/09 08:33:40,0,1
2021/06/09 08:33:41,1,0
2021/06/09 08:33:41,1,0
2021/06/09 08:33:44,0,1
2021/06/09 08:33:44,1,0
2021/06/09 08:33:44,1,0
2021/06/09 08:33:48,0,1
2021/06/09 08:33:50,1,0
2021/06/09 08:33:52,1,0
2021/06/09 08:33:52,1,0
2021/06/09 08:33:54,1,0
2021/06/09 08:33:55,0,1
2021/06/09 08:33:55,1,0
2021/06/09 08:33:56,0,1
2021/06/09 08:33:57,1,0
2021/06/09 08:33:59,1,0
2021/06/09 08:34:00,1,0
2021/06/09 08:34:01,0,1
2021/06/09 08:34:01,1,0
2021/06/09 08:34:01,1,0
2021/06/09 08:34:01,0,1
2021/06/09 08:34:02,0,1
2021/06/09 08:34:04,1,0
2021/06/09 08:34:04,1,0
2021/06/09 08:34:04,0,1
2021/06/09 08:34:05,1,0
2021/06/09 08:34:05,0,1
2021/06/09 08:34:08,0,1
2021/06/09 08:34:10,0,1
2021/06/09 08:34:10,1,0
2021/06/09 08:34:11,0,1
2021/06/09 08:34:12,1,0
2021/06/09 08:34:14,0,1
2021/06/09 08:34:15,1,0
2021/06/09 08:34:15,1,0
2021/06/09 08:34:15,1,0
2021/06/09 08:34:16,0,1
2021/06/09 08:34:17,1,0
2021/06/09 08:34:18,1,0
2021/06/09 08:34:18,1,0
2021/06/09 08:34:20,1,0
2021/06/09 08:34:21,1,0
2021/06/09 08:34:22,0,1
2021/06/09 08:34:24,0,1
2021/06/09 08:34:25,1,0
2021/06/09 08:34:26,1,0
2021/06/09 08:34:26,0,1
2021/06/09 08:34:27,1,0
2021/06/09 08:34:29,1,0
2021/06/09 08:34:29,1,0
2021/06/09 08:34:30,1,0
2021/06/09 08:34:32,1,0
2021/06/09 08:34:32,0,1
2021/06/09 08:34:33,1,0
2021/06/09 08:34:33,0,1
2021/06/09 08:34:34,0,1
2021/06/09 08:34:35,0,1
2021/06/09 08:34:36,1,0
2021/06/09 08:34:36,1,0
2021/06/09 08:34:36,0,1
2021/06/09 08:34:38,1,0
2021/06/09 08:34:40,1,0
2021/06/09 08:34:41,0,1
2021/06/09 08:34:42,0,1
2021/06/09 08:34:45,1,0
2021/06/09 08:34:48,1,0
2021/06/09 08:34:48,0,1
2021/06/09 08:34:48,1,0
2021/06/09 08:34:50,1,0
2021/06/09 08:34:50,1,0
2021/06/09 08:34:51,0,1
2021/06/09 08:34:51,1,0
2021/06/09 08:34:54,1,0
2021/06/09 08:34:54,1,0
2021/06/09 08:34:54,0,1
2021/06/09 08:34:55,1,0
2021/06/09 08:34:55,1,0
2021/06/09 08:34:57,0,1
2021/06/09 08:34:58,1,0
2021/06/09 08:35:01,0,1
2021/06/09 08:35:07,0,1
2021/06/09 08:35:09,1,0
2021/06/09 08:35:12,0,1
2021/06/09 08:35:12,1,0
2021/06/09 08:35:15,1,0
2021/06/09 08:35:18,1,0
2021/06/09 08:35:19,1,0
2021/06/09 08:35:21,1,0
2021/06/09 08:35:21,0,1
2021/06/09 08:35:22,1,0
2021/06/09 08:35:22,0,1
2021/06/09 08:35:22,1,0
2021/06/09 08:35:23,0,1
2021/06/09 08:35:24,1,0
2021/06/09 08:35:25,1,0
2021/06/09 08:35:25,1,0
2021/06/09 08:35:26,1,0
2021/06/09 08:35:28,0,1
2021/06/09 08:35:29,0,1
2021/06/09 08:35:30,1,0
2021/06/09 08:35:35,1,0
2021/06/09 08:35:36,1,0
2021/06/09 08:35:43,1,0
2021/06/09 08:35:44,1,0
2021/06/09 08:35:45,0,1
2021/06/09 08:35:46,1,0
2021/06/09 08:35:46,0,1
2021/06/09 08:35:48,1,0
2021/06/09 08:35:53,0,1
2021/06/09 08:35:53,0,1
2021/06/09 08:35:54,1,0
2021/06/09 08:35:54,1,0
2021/06/09 08:35:56,0,1
2021/06/09 08:35:57,1,0
2021/06/09 08:35:58,0,1
2021/06/09 08:35:59,0,1
2021/06/09 08:35:59,1,0
2021/06/09 08:36:00,1,0
2021/06/09 08:36:01,0,1
2021/06/09 08:36:02,0,1
2021/06/09 08:36:05,0,1
2021/06/09 08:36:08,1,0
2021/06/09 08:36:09,0,1
2021/06/09 08:36:09,0,1
2021/06/09 08:36:11,1,0
2021/06/09 08:36:11,1,0
2021/06/09 08:36:11,0,1
2021/06/09 08:36:12,1,0
2021/06/09 08:36:12,1,0
2021/06/09 08:36:14,1,0
2021/06/09 08:36:14,0,1
2021/06/09 08:36:14,1,0
2021/06/09 08:36:15,1,0
2021/06/09 08:36:15,1,0
2021/06/09 08:36:15,1,0
2021/06/09 08:36:16,0,1
2021/06/09 08:36:17,0,1
2021/06/09 08:36:18,1,0
2021/06/09 08:36:19,1,0
2021/06/09 08:36:19,0,1
2021/06/09 08:36:19,1,0
2021/06/09 08:36:21,1,0
2021/06/09 08:36:22,1,0
2021/06/09 08:36:24,1,0
2021/06/09 08:36:25,1,0
2021/06/09 08:36:25,1,0
2021/06/09 08:36:27,1,0
2021/06/09 08:36:27,1,0
2021/06/09 08:36:28,1,0
2021/06/09 08:36:29,1,0
2021/06/09 08:36:30,0,1
2021/06/09 08:36:32,0,1
2021/06/09 08:36:35,0,1
2021/06/09 08:36:35,1,0
2021/06/09 08:36:35,1,0
2021/06/09 08:36:36,1,0
2021/06/09 08:36:36,1,0
2021/06/09 08:36:39,1,0
2021/06/09 08:36:40,1,0
2021/06/09 08:36:40,1,0
2021/06/09 08:36:40,0,1
2021/06/09 08:36:41,0,1
2021/06/09 08:36:43,0,1
2021/06/09 08:36:46,0,1
2021/06/09 08:36:46,1,0
2021/06/09 08:36:48,0,1
2021/06/09 08:36:49,0,1
2021/06/09 08:36:52,1,0
2021/06/09 08:36:52,0,1
2021/06/09 08:36:53,1,0
2021/06/09 08:36:54,1,0
2021/06/09 08:36:58,1,0
2021/06/09 08:36:59,1,0
2021/06/09 08:36:59,1,0
2021/06/09 08:36:59,0,1
2021/06/09 08:37:00,1,0
2021/06/09 08:37:01,1,0
2021/06/09 08:37:01,1,0
2021/06/09 08:37:03,1,0
2021/06/09 08:37:03,0,1
2021/06/09 08:37:04,1,0
2021/06/09 08:37:04,1,0
2021/06/09 08:37:06,1,0
2021/06/09 08:37:11,0,1
2021/06/09 08:37:12,0,1
2021/06/09 08:37:14,0,1
2021/06/09 08:37:14,0,1
2021/06/09 08:37:17,1,0
2021/06/09 08:37:18,0,1
2021/06/09 08:37:20,1,0
2021/06/09 08:37:21,0,1
2021/06/09 08:37:21,1,0
2021/06/09 08:37:24,0,1
2021/06/09 08:37:26,0,1
2021/06/09 08:37:28,1,0
2021/06/09 08:37:29,1,0
2021/06/09 08:37:29,1,0
2021/06/09 08:37:31,1,0
2021/06/09 08:37:33,0,1
2021/06/09 08:37:39,0,1
2021/06/09 08:37:39,1,0
2021/06/09 08:37:40,0,1
2021/06/09 08:37:41,0,1
2021/06/09 08:37:41,1,0
2021/06/09 08:37:42,1,0
2021/06/09 08:37:43,0,1
2021/06/09 08:37:46,0,1
2021/06/09 08:37:48,1,0
2021/06/09 08:37:52,1,0
2021/06/09 08:37:52,0,1
2021/06/09 08:37:55,1,0
2021/06/09 08:37:56,1,0
2021/06/09 08:37:57,0,1
2021/06/09 08:37:57,1,0
2021/06/09 08:37:58,1,0
2021/06/09 08:37:58,0,1
2021/06/09 08:37:58,0,1
2021/06/09 08:37:59,0,1
2021/06/09 08:37:59,1,0
2021/06/09 08:38:04,1,0
2021/06/09 08:38:05,1,0
2021/06/09 08:38:07,0,1
2021/06/09 08:38:07,1,0
2021/06/09 08:38:08,1,0
2021/06/09 08:38:12,1,0
2021/06/09 08:38:15,1,0
2021/06/09 08:38:15,1,0
2021/06/09 08:38:15,0,1
2021/06/09 08:38:16,0,1
2021/06/09 08:38:16,1,0
2021/06/09 08:38:16,1,0
2021/06/09 08:38:20,1,0
2021/06/09 08:38:20,0,1
2021/06/09 08:38:20,0,1
2021/06/09 08:38:21,1,0
2021/06/09 08:38:22,0,1
2021/06/09 08:38:23,0,1
2021/06/09 08:38:24,0,1
2021/06/09 08:38:25,0,1
2021/06/09 08:38:25,0,1
2021/06/09 08:38:26,1,0
2021/06/09 08:38:30,1,0
2021/06/09 08:38:31,1,0
2021/06/09 08:38:35,0,1
2021/06/09 08:38:39,1,0
2021/06/09 08:38:40,1,0
2021/06/09 08:38:40,1,0
2021/06/09 08:38:41,0,1
2021/06/09 08:38:42,1,0
2021/06/09 08:38:46,0,1
2021/06/09 08:38:46,1,0
2021/06/09 08:38:47,0,1
2021/06/09 08:38:48,0,1
2021/06/09 08:38:49,0,1
2021/06/09 08:38:50,0,1
2021/06/09 08:38:50,1,0
2021/06/09 08:38:52,0,1
2021/06/09 08:38:53,1,0
2021/06/09 08:38:57,0,1
2021/06/09 08:38:58,0,1
2021/06/09 08:38:58,1,0
2021/06/09 08:38:58,1,0
2021/06/09 08:38:59,0,1
2021/06/09 08:39:00,1,0
2021/06/09 08:39:01,1,0
2021/06/09 08:39:01,0,1
2021/06/09 08:39:02,1,0
2021/06/09 08:39:03,1,0
2021/06/09 08:39:03,0,1
2021/06/09 08:39:07,1,0
2021/06/09 08:39:08,1,0
2021/06/09 08:39:08,1,0
2021/06/09 08:39:10,1,0
2021/06/09 08:39:13,1,0
2021/06/09 08:39:14,0,1
2021/06/09 08:39:15,1,0
2021/06/09 08:39:18,0,1
2021/06/09 08:39:24,0,1
2021/06/09 08:39:25,1,0
2021/06/09 08:39:26,1,0
2021/06/09 08:39:29,1,0
2021/06/09 08:39:29,1,0
2021/06/09 08:39:30,1,0
2021/06/09 08:39:31,1,0
2021/06/09 08:39:32,0,1
2021/06/09 08:39:32,1,0
2021/06/09 08:39:33,0,1
2021/06/09 08:39:35,1,0
2021/06/09 08:39:36,1,0
2021/06/09 08:39:37,1,0
2021/06/09 08:39:38,0,1
2021/06/09 08:39:38,1,0
2021/06/09 08:39:39,0,1
2021/06/09 08:39:44,0,1
2021/06/09 08:39:44,0,1
2021/06/09 08:39:44,1,0
2021/06/09 08:39:46,0,1
2021/06/09 08:39:46,1,0
2021/06/09 08:39:47,1,0
2021/06/09 08:39:48,0,1
2021/06/09 08:39:49,1,0
2021/06/09 08:39:50,1,0
2021/06/09 08:39:51,0,1
2021/06/09 08:39:52,1,0
2021/06/09 08:39:52,1,0
2021/06/09 08:39:53,0,1
2021/06/09 08:39:53,1,0
2021/06/09 08:39:56,0,1
2021/06/09 08:39:57,1,0
2021/06/09 08:39:57,0,1
2021/06/09 08:39:59,1,0
2021/06/09 08:39:59,1,0
2021/06/09 08:40:00,1,0
2021/06/09 08:40:02,0,1
2021/06/09 08:40:04,0,1
2021/06/09 08:40:04,1,0
2021/06/09 08:40:04,1,0
2021/06/09 08:40:06,1,0
2021/06/09 08:40:08,1,0
2021/06/09 08:40:11,1,0
2021/06/09 08:40:16,0,1
2021/06/09 08:40:17,1,0
2021/06/09 08:40:19,0,1
2021/06/09 08:40:20,1,0
2021/06/09 08:40:20,0,1
2021/06/09 08:40:22,0,1
2021/06/09 08:40:23,1,0
2021/06/09 08:40:23,1,0
2021/06/09 08:40:25,0,1
2021/06/09 08:40:25,1,0
2021/06/09 08:40:27,1,0
2021/06/09 08:40:28,0,1
2021/06/09 08:40:31,1,0
2021/06/09 08:40:31,0,1
2021/06/09 08:40:32,0,1
2021/06/09 08:40:37,1,0
2021/06/09 08:40:38,0,1
2021/06/09 08:40:40,1,0
2021/06/09 08:40:41,0,1
2021/06/09 08:40:41,0,1
2021/06/09 08:40:43,1,0
2021/06/09 08:40:45,1,0
2021/06/09 08:40:46,0,1
2021/06/09 08:40:48,0,1
2021/06/09 08:40:48,1,0
2021/06/09 08:40:50,1,0
2021/06/09 08:40:50,1,0
2021/06/09 08:40:51,0,1
2021/06/09 08:40:52,1,0
2021/06/09 08:40:56,1,0
2021/06/09 08:40:58,0,1
2021/06/09 08:40:59,0,1
2021/06/09 08:41:00,1,0
2021/06/09 08:41:05,1,0
2021/06/09 08:41:05,1,0
2021/06/09 08:41:06,0,1
2021/06/09 08:41:07,1,0
2021/06/09 08:41:09,0,1
2021/06/09 08:41:10,1,0
2021/06/09 08:41:13,1,0
2021/06/09 08:41:14,1,0
2021/06/09 08:41:15,1,0
2021/06/09 08:41:17,0,1
2021/06/09 08:41:17,0,1
2021/06/09 08:41:18,1,0
2021/06/09 08:41:21,0,1
2021/06/09 08:41:22,1,0
2021/06/09 08:41:23,1,0
2021/06/09 08:41:27,1,0
2021/06/09 08:41:28,1,0
2021/06/09 08:41:28,1,0
2021/06/09 08:41:30,0,1
2021/06/09 08:41:33,1,0
2021/06/09 08:41:33,0,1
2021/06/09 08:41:34,0,1
2021/06/09 08:41:35,1,0
2021/06/09 08:41:38,1,0
2021/06/09 08:41:38,1,0
2021/06/09 08:41:40,0,1
2021/06/09 08:41:41,1,0
2021/06/09 08:41:45,1,0
2021/06/09 08:41:46,0,1
2021/06/09 08:41:47,0,1
2021/06/09 08:41:49,0,1
2021/06/09 08:41:49,1,0
2021/06/09 08:41:50,0,1
2021/06/09 08:41:50,1,0
2021/06/09 08:41:51,1,0
2021/06/09 08:41:52,0,1
2021/06/09 08:41:57,1,0
2021/06/09 08:41:57,0,1
2021/06/09 08:42:00,0,1
2021/06/09 08:42:01,1,0
2021/06/09 08:42:02,0,1
2021/06/09 08:42:02,0,1
2021/06/09 08:42:02,0,1
2021/06/09 08:42:04,0,1
2021/06/09 08:42:05,0,1
2021/06/09 08:42:06,1,0
2021/06/09 08:42:07,1,0
2021/06/09 08:42:09,1,0
2021/06/09 08:42:10,1,0
2021/06/09 08:42:11,0,1
2021/06/09 08:42:12,1,0
2021/06/09 08:42:13,0,1
2021/06/09 08:42:14,1,0
2021/06/09 08:42:14,1,0
2021/06/09 08:42:14,1,0
2021/06/09 08:42:18,1,0
2021/06/09 08:42:19,1,0
2021/06/09 08:42:21,0,1
2021/06/09 08:42:21,1,0
2021/06/09 08:42:21,1,0
2021/06/09 08:42:23,1,0
2021/06/09 08:42:33,1,0
2021/06/09 08:42:33,0,1
2021/06/09 08:42:40,0,1
2021/06/09 08:42:40,1,0
2021/06/09 08:42:40,0,1
2021/06/09 08:42:41,0,1
2021/06/09 08:42:41,1,0
2021/06/09 08:42:43,0,1
2021/06/09 08:42:43,0,1
2021/06/09 08:42:43,1,0
2021/06/09 08:42:50,0,1
2021/06/09 08:42:50,0,1
2021/06/09 08:42:50,0,1
2021/06/09 08:42:50,0,1
2021/06/09 08:42:51,0,1
2021/06/09 08:42:53,1,0
2021/06/09 08:42:55,0,1
2021/06/09 08:42:55,0,1
2021/06/09 08:42:57,0,1
2021/06/09 08:42:57,1,0
2021/06/09 08:42:58,1,0
2021/06/09 08:42:59,0,1
2021/06/09 08:43:01,0,1
2021/06/09 08:43:04,0,1
2021/06/09 08:43:04,1,0
2021/06/09 08:43:06,1,0
2021/06/09 08:43:06,1,0
2021/06/09 08:43:08,0,1
2021/06/09 08:43:08,1,0
2021/06/09 08:43:09,1,0
2021/06/09 08:43:14,0,1
2021/06/09 08:43:16,0,1
2021/06/09 08:43:16,1,0
2021/06/09 08:43:19,0,1
2021/06/09 08:43:19,1,0
2021/06/09 08:43:23,1,0
2021/06/09 08:43:24,1,0
2021/06/09 08:43:25,1,0
2021/06/09 08:43:25,1,0
2021/06/09 08:43:25,1,0
2021/06/09 08:43:26,1,0
2021/06/09 08:43:28,1,0
2021/06/09 08:43:29,1,0
2021/06/09 08:43:34,1,0
2021/06/09 08:43:34,0,1
2021/06/09 08:43:36,1,0
2021/06/09 08:43:36,1,0
2021/06/09 08:43:37,0,1
2021/06/09 08:43:37,0,1
2021/06/09 08:43:38,1,0
2021/06/09 08:43:42,1,0
2021/06/09 08:43:45,0,1
2021/06/09 08:43:47,0,1
2021/06/09 08:43:48,1,0
2021/06/09 08:43:50,0,1
2021/06/09 08:43:50,0,1
2021/06/09 08:43:50,1,0
2021/06/09 08:43:53,0,1
2021/06/09 08:43:54,0,1
2021/06/09 08:43:55,1,0
2021/06/09 08:43:55,0,1
2021/06/09 08:43:57,1,0
2021/06/09 08:43:57,0,1
2021/06/09 08:43:58,1,0
2021/06/09 08:43:59,1,0
2021/06/09 08:44:00,1,0
2021/06/09 08:44:02,1,0
2021/06/09 08:44:03,0,1
2021/06/09 08:44:03,1,0
2021/06/09 08:44:04,0,1
2021/06/09 08:44:04,0,1
2021/06/09 08:44:06,0,1
2021/06/09 08:44:11,1,0
2021/06/09 08:44:12,1,0
2021/06/09 08:44:12,1,0
2021/06/09 08:44:12,0,1
2021/06/09 08:44:13,1,0
2021/06/09 08:44:15,0,1
2021/06/09 08:44:15,1,0
2021/06/09 08:44:15,0,1
2021/06/09 08:44:17,1,0
2021/06/09 08:44:20,0,1
2021/06/09 08:44:20,1,0
2021/06/09 08:44:23,1,0
2021/06/09 08:44:24,1,0
2021/06/09 08:44:25,0,1
2021/06/09 08:44:25,1,0
2021/06/09 08:44:25,1,0
2021/06/09 08:44:26,1,0
2021/06/09 08:44:27,1,0
2021/06/09 08:44:28,1,0
2021/06/09 08:44:29,1,0
2021/06/09 08:44:29,1,0
2021/06/09 08:44:31,1,0
2021/06/09 08:44:32,0,1
2021/06/09 08:44:33,0,1
2021/06/09 08:44:33,1,0
2021/06/09 08:44:34,1,0
2021/06/09 08:44:35,1,0
2021/06/09 08:44:37,1,0
2021/06/09 08:44:37,0,1
2021/06/09 08:44:40,1,0
2021/06/09 08:44:40,1,0
2021/06/09 08:44:41,1,0
2021/06/09 08:44:43,1,0
2021/06/09 08:44:43,1,0
2021/06/09 08:44:43,0,1
2021/06/09 08:44:44,0,1
2021/06/09 08:44:45,1,0
2021/06/09 08:44:46,0,1
2021/06/09 08:44:49,0,1
2021/06/09 08:44:52,1,0
2021/06/09 08:44:53,1,0
2021/06/09 08:44:53,1,0
2021/06/09 08:44:53,1,0
2021/06/09 08:44:54,1,0
2021/06/09 08:44:55,1,0
2021/06/09 08:44:55,1,0
2021/06/09 08:44:57,1,0
2021/06/09 08:44:57,1,0
2021/06/09 08:45:00,1,0
2021/06/09 08:45:01,0,1
2021/06/09 08:45:04,0,1
2021/06/09 08:45:05,0,1
2021/06/09 08:45:06,1,0
2021/06/09 08:45:06,0,1
2021/06/09 08:45:08,0,1
2021/06/09 08:45:08,0,1
2021/06/09 08:45:10,0,1
2021/06/09 08:45:11,1,0
2021/06/09 08:45:14,1,0
2021/06/09 08:45:16,1,0
2021/06/09 08:45:16,1,0
2021/06/09 08:45:16,1,0
2021/06/09 08:45:17,0,1
2021/06/09 08:45:17,1,0
2021/06/09 08:45:19,1,0
2021/06/09 08:45:20,1,0
2021/06/09 08:45:22,1,0
2021/06/09 08:45:23,0,1
2021/06/09 08:45:24,0,1
2021/06/09 08:45:24,1,0
2021/06/09 08:45:27,1,0
2021/06/09 08:45:28,0,1
2021/06/09 08:45:28,0,1
2021/06/09 08:45:29,1,0
2021/06/09 08:45:33,1,0
2021/06/09 08:45:35,0,1
2021/06/09 08:45:35,0,1
2021/06/09 08:45:35,0,1
2021/06/09 08:45:39,0,1
2021/06/09 08:45:40,1,0
2021/06/09 08:45:41,0,1
2021/06/09 08:45:41,1,0
2021/06/09 08:45:42,0,1
2021/06/09 08:45:44,0,1
2021/06/09 08:45:47,1,0
2021/06/09 08:45:48,0,1
2021/06/09 08:45:50,1,0
2021/06/09 08:45:51,1,0
2021/06/09 08:45:53,1,0
2021/06/09 08:45:57,0,1
2021/06/09 08:46:01,1,0
2021/06/09 08:46:01,0,1
2021/06/09 08:46:01,1,0
2021/06/09 08:46:03,1,0
2021/06/09 08:46:04,1,0
2021/06/09 08:46:04,0,1
2021/06/09 08:46:06,1,0
2021/06/09 08:46:09,1,0
2021/06/09 08:46:10,0,1
2021/06/09 08:46:10,1,0
2021/06/09 08:46:11,1,0
2021/06/09 08:46:13,1,0
2021/06/09 08:46:15,0,1
2021/06/09 08:46:16,1,0
2021/06/09 08:46:16,621,379
