Date,V1,V2,S1,S2,S3,S4,S5
2021/05/27 12:17:48,-4.255296,-20.67657,1.1,1.1,0.8,0.8,0.8
2021/05/27 12:17:49,10.01418,-22.86866,1.1,1.1,0.8,0.8,0.8
2021/05/27 12:17:50,-5.147943,-14.69316,1.1,1.1,0.8,0.8,0.8
2021/05/27 12:17:50,17.86146,-11.02514,1.1,1.1,0.8,0.8,0.8
2021/05/27 12:17:50,-1.264115,-16.30823,1.1,1.1,0.8,0.8,0.8
2021/05/27 12:17:50,10.64392,-23.56098,1.1,1.1,0.8,0.8,0.8
2021/05/27 12:17:50,20.27794,-30,1.1,1.1,0.3700862,0.8,0.8
2021/05/27 12:17:50,29.08867,-11.63494,1.1,1.1,0.4472546,0.4549097,0.8
2021/05/27 12:17:51,-6.621526,15.40902,1.1,1.1,0.8,0.8,0.4774667
2021/05/27 12:17:51,6.719963,-30,1.1,1.1,0.8,0.8,0.8
2021/05/27 12:17:51,-6.091249,-2.028505,1.1,1.1,0.8,0.8,0.8
2021/05/27 12:17:51,30,-15.11217,1.1,1.1,0.8,0.8,0.8
2021/05/27 12:17:51,-8.054394,-18.65144,1.1,1.1,0.8,0.8,0.8
2021/05/27 12:17:51,11.58966,-19.31874,1.1,1.1,0.8,0.8,0.8
2021/05/27 12:17:52,2.075438,4.491134,1.1,1.1,0.8,0.8,0.8
2021/05/27 12:17:52,11.50834,-6.2362,1.1,1.1,0.8,0.8,0.8
2021/05/27 12:17:52,7.168021,-10.14968,1.1,1.1,0.8,0.8,0.8
2021/05/27 12:17:52,2.4375,-20.43058,1.1,1.1,0.8,0.8,0.8
2021/05/27 12:17:52,3.471079,-9.790494,1.1,1.1,0.8,0.8,0.8
2021/05/27 12:17:52,-8.858784,-30,1.1,1.1,0.8,0.8,0.8
2021/05/27 12:17:52,4.448892,-10.3106,1.1,1.1,0.8,0.8,0.8
2021/05/27 12:17:53,-3.470068,-18.18055,1.1,1.1,0.8,0.8,0.8
2021/05/27 12:17:53,14.51072,-11.94377,1.1,1.1,0.8,0.8,0.8
2021/05/27 12:17:53,7.174063,4.381654,1.1,1.1,0.8,0.8,0.8
2021/05/27 12:17:53,12.24094,-30,1.1,1.1,0.8,0.8,0.8
2021/05/27 12:17:53,-6.246918,-29.74657,1.1,1.1,0.8,0.8,0.8
2021/05/27 12:17:53,8.436647,-26.27641,1.1,1.1,0.8,0.8,0.8
2021/05/27 12:17:54,5.778762,-15.92853,1.1,1.1,0.8,0.8,0.8
2021/05/27 12:17:54,27.99404,-13.78282,1.1,1.1,0.8,0.8,0.8
2021/05/27 12:17:54,-6.820828,-20.97173,1.1,1.1,0.8,0.8,0.8
2021/05/27 12:17:54,-2.400751,-19.76702,1.1,1.1,0.8,0.8,0.8
2021/05/27 12:17:54,2.747986,-18.39033,1.1,1.1,0.8,0.8,0.8
2021/05/27 12:17:54,2.261437,-3.596065,1.1,1.1,0.8,0.8,0.8
2021/05/27 12:17:54,3.41013,-27.58701,1.1,1.1,0.8,0.8,0.8
2021/05/27 12:17:55,7.525437,-16.91826,1.1,1.1,0.8,0.8,0.8
2021/05/27 12:17:55,14.33429,-27.03527,1.1,1.1,0.8,0.8,0.8
2021/05/27 12:17:55,12.08292,-30,1.1,1.1,0.5311727,0.8,0.8
2021/05/27 12:17:55,29.28089,-6.070186,1.1,1.1,0.5697603,0.5226798,0.8
2021/05/27 12:17:55,-14.99943,-28.60727,1.1,1.1,0.8,0.8,0.8
2021/05/27 12:17:55,8.585818,-5.616051,1.1,1.1,0.8,0.8,0.8
2021/05/27 12:17:55,-20.56382,-30,1.1,1.1,0.8,0.8,0.8
2021/05/27 12:17:56,-6.035745,-19.95123,1.1,1.1,0.8,0.8,0.8
2021/05/27 12:17:56,5.408373,-9.48143,1.1,1.1,0.8,0.8,0.8
2021/05/27 12:17:56,3.481142,-30,1.1,1.1,0.8,0.8,0.8
2021/05/27 12:17:56,9.07718,-23.39044,1.1,1.1,0.8,0.8,0.8
2021/05/27 12:17:56,1.060337,-11.41559,1.1,1.1,0.8,0.8,0.8
2021/05/27 12:17:56,9.036461,1.25802,1.1,1.1,0.8,0.8,0.8
2021/05/27 12:17:57,-4.045813,-15.9481,1.1,1.1,0.8,0.8,0.8
2021/05/27 12:17:57,-6.153815,-30,1.1,1.1,0.8,0.8,0.8
2021/05/27 12:17:57,-7.008961,-30,1.1,1.1,0.8,0.8,0.8
2021/05/27 12:17:57,10.59236,-11.81942,1.1,1.1,0.8,0.8,0.8
2021/05/27 12:17:57,-18.74434,-3.075101,1.1,1.1,0.8,0.8,0.8
2021/05/27 12:17:57,7.318887,-1.239734,1.1,1.1,0.8,0.8,0.8
2021/05/27 12:17:57,8.138205,-18.27136,1.1,1.1,0.8,0.8,0.8
2021/05/27 12:17:58,7.324644,-9.896091,1.1,1.1,0.8,0.8,0.8
2021/05/27 12:17:58,-10.2297,-16.24421,1.1,1.1,0.8,0.8,0.8
2021/05/27 12:17:58,1.572355,-30,1.1,1.1,0.8,0.8,0.8
2021/05/27 12:17:58,9.383358,-10.16403,1.1,1.1,0.8,0.8,0.8
2021/05/27 12:17:58,-6.343729,-7.292107,1.1,1.1,0.8,0.8,0.8
2021/05/27 12:17:58,5.361486,-30,1.1,1.1,0.8,0.8,0.8
2021/05/27 12:17:58,29.4482,-30,1.1,1.1,0.8,0.8,0.8
2021/05/27 12:17:59,-19.37941,-30,1.1,1.1,0.8,0.8,0.8
2021/05/27 12:17:59,-3.057593,-13.94819,1.1,1.1,0.8,0.8,0.8
2021/05/27 12:17:59,12.71115,-30,1.1,1.1,0.8,0.8,0.8
2021/05/27 12:17:59,-0.5178699,-12.81863,1.1,1.1,0.8,0.8,0.8
2021/05/27 12:17:59,6.903836,-30,1.1,1.1,0.8,0.8,0.8
2021/05/27 12:17:59,-5.706843,-14.07917,1.1,1.1,0.8,0.8,0.8
2021/05/27 12:18:00,1.541707,-13.83176,1.1,1.1,0.8,0.8,0.8
2021/05/27 12:18:00,3.484891,-7.474261,1.1,1.1,0.8,0.8,0.8
2021/05/27 12:18:00,25.65948,-30,1.1,1.1,0.3667948,0.8,0.8
2021/05/27 12:18:00,30,-30,1.1,1.1,0.4055977,0.3822114,0.8
2021/05/27 12:18:00,-23.70895,30,1.1,1.1,0.8,0.8,0.3651321
2021/05/27 12:18:00,-22.28896,-22.03342,1.1,1.1,0.8,0.8,0.8
2021/05/27 12:18:00,11.8405,-30,1.1,1.1,0.8,0.8,0.8
2021/05/27 12:18:01,14.73201,-30,1.1,1.1,0.8,0.8,0.8
2021/05/27 12:18:01,-0.659216,-30,1.1,1.1,0.8,0.8,0.8
2021/05/27 12:18:01,-21.4974,-23.07966,1.1,1.1,0.8,0.8,0.8
2021/05/27 12:18:01,27.21687,-11.38752,1.1,1.1,0.8,0.8,0.8
2021/05/27 12:18:01,17.80663,7.359815,1.1,1.1,0.8,0.8,0.8
2021/05/27 12:18:01,10.88898,-30,1.1,1.1,0.8,0.8,0.8
2021/05/27 12:18:02,5.934111,-14.22601,1.1,1.1,0.8,0.8,0.8
2021/05/27 12:18:02,9.292077,-11.46392,1.1,1.1,0.8,0.8,0.8
2021/05/27 12:18:02,11.79084,-23.24837,1.1,1.1,0.8,0.8,0.8
2021/05/27 12:18:02,6.215422,-16.40884,1.1,1.1,0.8,0.8,0.8
2021/05/27 12:18:02,1.027699,-25.07525,1.1,1.1,0.8,0.8,0.8
2021/05/27 12:18:02,0.913774,-20.87775,1.1,1.1,0.8,0.8,0.8
2021/05/27 12:18:02,30,-5.360476,1.1,1.1,0.8,0.8,0.8
2021/05/27 12:18:03,5.701882,-27.63261,1.1,1.1,0.8,0.8,0.8
2021/05/27 12:18:03,-3.571539,-13.89141,1.1,1.1,0.8,0.8,0.8
2021/05/27 12:18:03,12.24079,-14.70466,1.1,1.1,0.8,0.8,0.8
2021/05/27 12:18:03,3.59388,-21.75495,1.1,1.1,0.8,0.8,0.8
2021/05/27 12:18:03,-16.3796,-4.78633,1.1,1.1,0.8,0.8,0.8
2021/05/27 12:18:03,-6.82423,-29.76346,1.1,1.1,0.8,0.8,0.8
2021/05/27 12:18:04,1.56526,-25.42406,1.1,1.1,0.8,0.8,0.8
2021/05/27 12:18:04,-4.723941,-30,1.1,1.1,0.8,0.8,0.8
2021/05/27 12:18:04,30,-21.39333,1.1,1.1,0.3956898,0.4003919,0.8
2021/05/27 12:18:04,27.43721,-13.06054,1.1,1.1,0.8,0.3367414,0.8
2021/05/27 12:18:04,-13.3399,30,1.1,1.1,0.8,0.2796795,0.2864518
2021/05/27 12:18:04,-30,26.97359,1.1,1.1,0.8,0.8,0.252425
2021/05/27 12:18:04,9.076805,-20.33287,1.1,1.1,0.8,0.8,0.8
2021/05/27 12:18:05,-18.43398,21.96699,1.1,1.1,0.8,0.8,0.2459523
2021/05/27 12:18:05,-19.68637,30,1.1,1.1,0.8,0.8,0.2205846
2021/05/27 12:18:05,-27.30258,30,1.1,1.1,0.8,0.8,0.2225499
2021/05/27 12:18:05,-11.46442,30,1.1,1.1,0.8,0.2304261,0.2422039
2021/05/27 12:18:05,22.93924,7.138143,1.1,1.1,0.8,0.2346719,0.8
2021/05/27 12:18:05,30,-30,1.1,1.1,0.2307112,0.2745495,0.8
2021/05/27 12:18:06,27.00699,-30,1.1,1.1,0.2239222,0.8,0.8
2021/05/27 12:18:06,30,-30,1.1,1.1,0.1786476,0.8,0.8
2021/05/27 12:18:06,30,-2.846981,1.1,1.1,0.8,0.1533144,0.8
2021/05/27 12:18:06,-30,30,1.1,1.1,0.8,0.8,0.1255656
2021/05/27 12:18:06,1.53494,-23.66762,1.1,1.1,0.8,0.8,0.8
2021/05/27 12:18:06,16.31558,-28.67461,1.1,1.1,0.8,0.8,0.8
2021/05/27 12:18:06,14.27267,-18.9484,1.1,1.1,0.8,0.8,0.8
2021/05/27 12:18:07,0.05366206,-30,1.1,1.1,0.8,0.8,0.8
2021/05/27 12:18:07,-7.24981,4.765838,1.1,1.1,0.8,0.8,0.8
2021/05/27 12:18:07,6.129593,-5.084499,1.1,1.1,0.8,0.8,0.8
2021/05/27 12:18:07,1.562144,-20.79562,1.1,1.1,0.8,0.8,0.8
2021/05/27 12:18:07,13.88358,-30,1.1,1.1,0.8,0.8,0.8
2021/05/27 12:18:07,-19.80589,-29.11215,1.1,1.1,0.8,0.8,0.8
2021/05/27 12:18:07,-1.218904,-23.3318,1.1,1.1,0.8,0.8,0.8
2021/05/27 12:18:08,2.383974,2.190335,1.1,1.1,0.8,0.8,0.8
2021/05/27 12:18:08,-7.009027,-14.88548,1.1,1.1,0.8,0.8,0.8
2021/05/27 12:18:08,19.15031,-19.61472,1.1,1.1,0.8,0.8,0.8
2021/05/27 12:18:08,10.44704,0.4226351,1.1,1.1,0.8,0.8,0.8
2021/05/27 12:18:08,15.83101,-18.50607,1.1,1.1,0.8,0.8,0.8
2021/05/27 12:18:08,8.105901,-30,1.1,1.1,0.8,0.8,0.8
2021/05/27 12:18:09,5.318981,-25.35346,1.1,1.1,0.8,0.8,0.8
2021/05/27 12:18:09,-13.79725,-14.24878,1.1,1.1,0.8,0.8,0.8
2021/05/27 12:18:09,-27.72005,-21.04892,1.1,1.1,0.8,0.8,0.8
2021/05/27 12:18:09,14.0869,1.340444,1.1,1.1,0.8,0.8,0.8
2021/05/27 12:18:09,9.538221,-5.668632,1.1,1.1,0.8,0.8,0.8
2021/05/27 12:18:09,-14.77789,-26.51892,1.1,1.1,0.8,0.8,0.8
2021/05/27 12:18:09,12.74749,-23.31144,1.1,1.1,0.8,0.8,0.8
2021/05/27 12:18:10,0.6100153,-23.84833,1.1,1.1,0.8,0.8,0.8
2021/05/27 12:18:10,17.21342,-30,1.1,1.1,0.8,0.8,0.8
2021/05/27 12:18:10,12.43186,-30,1.1,1.1,0.8,0.8,0.8
2021/05/27 12:18:10,30,-30,1.1,1.1,0.2838105,0.3151302,0.8
2021/05/27 12:18:10,-4.481985,30,1.1,1.1,0.8,0.2968841,0.2939983
2021/05/27 12:18:10,-19.76347,22.12982,1.1,1.1,0.8,0.8,0.2732518
2021/05/27 12:18:10,-0.4724852,-14.72539,1.1,1.1,0.8,0.8,0.8
2021/05/27 12:18:11,-0.769465,24.34322,1.1,1.1,0.8,0.8,0.3289443
2021/05/27 12:18:11,-26.88007,20.70976,1.1,1.1,0.8,0.8,0.3482085
2021/05/27 12:18:11,-0.8721328,17.81284,1.1,1.1,0.8,0.8,0.3632547
2021/05/27 12:18:11,-24.57642,19.602,1.1,1.1,0.8,0.8,0.3716004
2021/05/27 12:18:11,-23.16855,-4.781748,1.1,1.1,0.8,0.8,0.8
2021/05/27 12:18:11,30,-30,1.1,1.1,0.3448077,0.3436107,0.8
2021/05/27 12:18:12,29.06947,-14.8601,1.1,1.1,0.3405168,0.8,0.8
2021/05/27 12:18:12,23.34583,-30,1.1,1.1,0.3447249,0.8,0.8
2021/05/27 12:18:12,26.01902,-30,1.1,1.1,0.3462849,0.3975974,0.8
2021/05/27 12:18:12,1.382997,-4.844847,1.1,1.1,0.8,0.3387755,0.8
2021/05/27 12:18:12,-15.05276,19.7818,1.1,1.1,0.8,0.8,0.3131011
2021/05/27 12:18:12,22.40443,-22.13659,1.1,1.1,0.8,0.8,0.8
2021/05/27 12:18:12,7.255992,-14.19331,1.1,1.1,0.8,0.8,0.8
2021/05/27 12:18:13,7.259951,-30,1.1,1.1,0.8,0.8,0.8
2021/05/27 12:18:13,6.347827,-20.99699,1.1,1.1,0.8,0.8,0.8
2021/05/27 12:18:13,-1.793927,-20.20968,1.1,1.1,0.8,0.8,0.8
2021/05/27 12:18:13,15.33793,-16.71645,1.1,1.1,0.8,0.8,0.8
2021/05/27 12:18:13,1.372134,-5.830904,1.1,1.1,0.8,0.8,0.8
2021/05/27 12:18:13,-13.88897,-18.32783,1.1,1.1,0.8,0.8,0.8
2021/05/27 12:18:14,3.262566,-19.96974,1.1,1.1,0.8,0.8,0.8
2021/05/27 12:18:14,-11.45363,-19.8893,1.1,1.1,0.8,0.8,0.8
2021/05/27 12:18:14,-8.638814,-8.95808,1.1,1.1,0.8,0.8,0.8
2021/05/27 12:18:14,17.90054,-6.840389,1.1,1.1,0.8,0.8,0.8
2021/05/27 12:18:14,7.007587,-18.30957,1.1,1.1,0.8,0.8,0.8
2021/05/27 12:18:14,14.37827,-30,1.1,1.1,0.8,0.8,0.8
2021/05/27 12:18:14,-9.476356,-30,1.1,1.1,0.8,0.8,0.8
2021/05/27 12:18:15,9.094087,-29.22795,1.1,1.1,0.8,0.8,0.8
2021/05/27 12:18:15,-11.40163,-10.73071,1.1,1.1,0.8,0.8,0.8
2021/05/27 12:18:15,-9.348822,4.531267,1.1,1.1,0.8,0.8,0.8
2021/05/27 12:18:15,11.79842,-16.42231,1.1,1.1,0.8,0.8,0.8
2021/05/27 12:18:15,-3.443243,-24.1545,1.1,1.1,0.8,0.8,0.8
2021/05/27 12:18:15,16.11113,-28.70323,1.1,1.1,0.8,0.8,0.8
2021/05/27 12:18:16,-7.939573,-1.322743,1.1,1.1,0.8,0.8,0.8
2021/05/27 12:18:16,-1.212329,-19.3733,1.1,1.1,0.8,0.8,0.8
2021/05/27 12:18:16,-2.643193,-30,1.1,1.1,0.8,0.8,0.8
2021/05/27 12:18:16,6.405732,-10.69363,1.1,1.1,0.8,0.8,0.8
2021/05/27 12:18:16,1.97691,-30,1.1,1.1,0.8,0.8,0.8
2021/05/27 12:18:16,-4.693911,-15.63779,1.1,1.1,0.8,0.8,0.8
2021/05/27 12:18:16,8.263139,-24.41435,1.1,1.1,0.8,0.8,0.8
2021/05/27 12:18:17,16.84431,-30,1.1,1.1,0.8,0.8,0.8
2021/05/27 12:18:17,9.800455,-30,1.1,1.1,0.8,0.8,0.8
2021/05/27 12:18:17,-16.93119,-14.03632,1.1,1.1,0.8,0.8,0.8
2021/05/27 12:18:17,-10.32532,-30,1.1,1.1,0.8,0.8,0.8
2021/05/27 12:18:17,10.35331,4.126277,1.1,1.1,0.8,0.8,0.8
2021/05/27 12:18:17,0.8184193,-13.16742,1.1,1.1,0.8,0.8,0.8
2021/05/27 12:18:18,23.14021,-25.35884,1.1,1.1,0.8,0.8,0.8
2021/05/27 12:18:18,0.7642328,-26.9914,1.1,1.1,0.8,0.8,0.8
2021/05/27 12:18:18,-13.22466,-20.31132,1.1,1.1,0.8,0.8,0.8
2021/05/27 12:18:18,0.4820043,-30,1.1,1.1,0.8,0.8,0.8
2021/05/27 12:18:18,2.220418,-27.72898,1.1,1.1,0.8,0.8,0.8
2021/05/27 12:18:18,10.96064,-8.713649,1.1,1.1,0.8,0.8,0.8
2021/05/27 12:18:18,-6.346626,-8.944265,1.1,1.1,0.8,0.8,0.8
2021/05/27 12:18:19,4.640287,-30,1.1,1.1,0.8,0.8,0.8
2021/05/27 12:18:19,13.0205,-17.20041,1.1,1.1,0.8,0.8,0.8
2021/05/27 12:18:19,-15.51252,2.378609,1.1,1.1,0.8,0.8,0.8
2021/05/27 12:18:19,0.5289361,-25.4152,1.1,1.1,0.8,0.8,0.8
2021/05/27 12:18:19,30,-30,1.1,1.1,0.8,0.8,0.8
2021/05/27 12:18:19,4.075627,-29.79312,1.1,1.1,0.8,0.8,0.8
2021/05/27 12:18:20,17.47962,-9.235329,1.1,1.1,0.8,0.8,0.8
2021/05/27 12:18:20,-10.21355,-23.59458,1.1,1.1,0.8,0.8,0.8
2021/05/27 12:18:20,8.152707,-22.07607,1.1,1.1,0.8,0.8,0.8
2021/05/27 12:18:20,27.80351,-30,1.1,1.1,0.07323745,0.8,0.8
2021/05/27 12:18:20,29.41073,-30,1.1,1.1,0.05849907,0.8,0.8
2021/05/27 12:18:20,30,-30,1.1,1.1,0.08119151,0.05716179,0.8
2021/05/27 12:18:20,-14.82618,30,1.1,1.1,0.8,0.08174025,0.04524062
2021/05/27 12:18:21,-28.04998,30,1.1,1.1,0.8,0.8,0.04617297
2021/05/27 12:18:21,-25.30629,21.66111,1.1,1.1,0.8,0.8,0.08887218
2021/05/27 12:18:21,-30,21.1251,1.1,1.1,0.8,0.8,0.06069854
2021/05/27 12:18:21,-18.57105,30,1.1,1.1,0.8,0.08116629,0.0718812
2021/05/27 12:18:21,30,-26.00953,1.1,1.1,0.09854504,0.08842831,0.8
2021/05/27 12:18:21,8.28437,-30,1.1,1.1,0.1023011,0.8,0.8
2021/05/27 12:18:21,21.30125,-30,1.1,1.1,0.1055464,0.8,0.8
2021/05/27 12:18:22,22.50531,-30,1.1,1.1,0.1160852,0.8,0.8
2021/05/27 12:18:22,30,-30,1.1,1.1,0.09448484,0.1181467,0.8
2021/05/27 12:18:22,-4.347031,30,1.1,1.1,0.8,0.08258394,0.08425004
2021/05/27 12:18:22,-30,27.25953,1.1,1.1,0.8,0.8,0.0255982
2021/05/27 12:18:22,-30,24.74033,1.1,1.1,0.8,0.8,0.0293423
2021/05/27 12:18:22,-13.85813,30,1.1,1.1,0.8,0.8,0.03466349
2021/05/27 12:18:23,-30,30,1.1,1.1,0.8,0.8,0.0306977
2021/05/27 12:18:23,-30,30,1.1,1.1,0.8,0.8,0.03273893
2021/05/27 12:18:23,-29.95928,30,1.1,1.1,0.8,0.07667498,0.03545088
2021/05/27 12:18:23,-20.29694,30,1.1,1.1,0.8,0.0452607,0.02912504
2021/05/27 12:18:23,-16.95781,30,1.1,1.1,0.8,0.03551011,0.02246443
2021/05/27 12:18:23,-22.18168,30,1.1,1.1,0.8,0.06080025,0.04935056
2021/05/27 12:18:23,13.67122,28.49202,1.1,1.1,0.07507017,0.04734599,0.07865019
2021/05/27 12:18:24,30,-30,1.1,1.1,0.06518526,0.04677347,0.8
2021/05/27 12:18:24,30,-30,1.1,1.1,0.05107069,0.06515314,0.8
2021/05/27 12:18:24,30,-30,1.1,1.1,0.02622324,0.09087157,0.8
2021/05/27 12:18:24,30,-19.47513,1.1,1.1,0.02284431,0.06008765,0.8
2021/05/27 12:18:24,30,-17.35237,1.1,1.1,0.02480385,0.04583471,0.8
2021/05/27 12:18:24,30,-30,1.1,1.1,0.03437357,0.04426894,0.8
2021/05/27 12:18:25,22.79234,21.81617,1.1,1.1,0.06451412,0.01502237,0.02895095
2021/05/27 12:18:25,-0.2588749,30,1.1,1.1,0.8,0.01533822,0.02477288
2021/05/27 12:18:25,-10.5031,30,1.1,1.1,0.8,0.01624191,0.02513264
2021/05/27 12:18:25,30,18.84831,1.1,1.1,0.02881733,0.01716114,0.02661805
2021/05/27 12:18:25,-19.65998,30,1.1,1.1,0.8,0.01769523,0.02692402
2021/05/27 12:18:25,-12.01104,30,1.1,1.1,0.8,0.01870465,0.02943009
2021/05/27 12:18:25,-30,30,1.1,1.1,0.8,0.0178236,0.02973686
2021/05/27 12:18:26,-30,30,1.1,1.1,0.8,0.01778162,0.02964557
2021/05/27 12:18:26,-17.88569,30,1.1,1.1,0.8,0.01909212,0.03122404
2021/05/27 12:18:26,-10.67056,30,1.1,1.1,0.8,0.01966168,0.03152729
2021/05/27 12:18:26,-8.634488,30,1.1,1.1,0.8,0.01967577,0.0315377
2021/05/27 12:18:26,-3.875402,30,1.1,1.1,0.8,0.01969741,0.03156735
2021/05/27 12:18:26,-6.03547,30,1.1,1.1,0.8,0.02007926,0.03445934
2021/05/27 12:18:27,16.34306,13.26814,1.1,1.1,0.07908721,0.01844549,0.03556127
2021/05/27 12:18:27,26.0253,15.76102,1.1,1.1,0.03609648,0.02527215,0.03771603
2021/05/27 12:18:27,-6.404833,30,1.1,1.1,0.8,0.0374096,0.03449926
2021/05/27 12:18:27,17.35689,30,1.1,1.1,0.06472657,0.02961778,0.02108804
2021/05/27 12:18:27,5.545764,23.97323,1.1,1.1,0.04274111,0.02956121,0.02628016
2021/05/27 12:18:27,30,-30,1.1,1.1,0.03993656,0.02683577,0.8
2021/05/27 12:18:27,30,-30,1.1,1.1,0.04305114,0.02853225,0.8
2021/05/27 12:18:28,30,-30,1.1,1.1,0.04069868,0.02890508,0.8
2021/05/27 12:18:28,30,-24.53136,1.1,1.1,0.03598019,0.03092374,0.8
2021/05/27 12:18:28,30,-30,1.1,1.1,0.03540595,0.03037401,0.8
2021/05/27 12:18:28,30,-30,1.1,1.1,0.03535128,0.03037105,0.8
2021/05/27 12:18:28,30,-26.36687,1.1,1.1,0.03534638,0.03037878,0.8
2021/05/27 12:18:28,30,-15.80958,1.1,1.1,0.03534196,0.0303768,0.8
2021/05/27 12:18:29,30,-15.55803,1.1,1.1,0.03533909,0.03037569,0.8
2021/05/27 12:18:29,30,-30,1.1,1.1,0.0353878,0.0303967,0.8
2021/05/27 12:18:29,30,-30,1.1,1.1,0.03537794,0.03039297,0.8
2021/05/27 12:18:29,30,-27.24176,1.1,1.1,0.0353605,0.03038137,0.8
2021/05/27 12:18:29,30,-22.21858,1.1,1.1,0.03532163,0.03036282,0.8
2021/05/27 12:18:29,30,-11.14088,1.1,1.1,0.03531861,0.03036015,0.8
2021/05/27 12:18:29,30,-30,1.1,1.1,0.03538682,0.0303944,0.8
2021/05/27 12:18:30,30,-30,1.1,1.1,0.03539824,0.03038543,0.8
2021/05/27 12:18:30,30,-30,1.1,1.1,0.03535811,0.03037832,0.8
2021/05/27 12:18:30,30,-30,1.1,1.1,0.03535213,0.03038257,0.8
2021/05/27 12:18:30,30,-14.87642,1.1,1.1,0.035347,0.03038117,0.8
2021/05/27 12:18:30,30,-27.10603,1.1,1.1,0.03533854,0.03037592,0.8
2021/05/27 12:18:30,30,-30,1.1,1.1,0.03537815,0.03039048,0.8
2021/05/27 12:18:31,30,-30,1.1,1.1,0.03537144,0.03038879,0.8
2021/05/27 12:18:31,30,-30,1.1,1.1,0.03532507,0.03036554,0.8
2021/05/27 12:18:31,30,-30,1.1,1.1,0.03531962,0.03036026,0.8
2021/05/27 12:18:31,30,-30,1.1,1.1,0.03532448,0.03036477,0.8
2021/05/27 12:18:31,30,-30,1.1,1.1,0.03532743,0.03036771,0.8
2021/05/27 12:18:31,30,-30,1.1,1.1,0.03532921,0.03036941,0.8
2021/05/27 12:18:31,30,-30,1.1,1.1,0.03532999,0.03037032,0.8
2021/05/27 12:18:32,30,-30,1.1,1.1,0.03536619,0.03038299,0.8
2021/05/27 12:18:32,30,-26.04016,1.1,1.1,0.0353631,0.03038314,0.8
2021/05/27 12:18:32,30,-22.61311,1.1,1.1,0.03533045,0.03036989,0.8
2021/05/27 12:18:32,30,-30,1.1,1.1,0.03532458,0.03036441,0.8
2021/05/27 12:18:32,30,-30,1.1,1.1,0.03540249,0.03040482,0.8
2021/05/27 12:18:32,30,-30,1.1,1.1,0.03556998,0.03048098,0.8
2021/05/27 12:18:32,30,-19.56064,1.1,1.1,0.03550825,0.0304751,0.8
2021/05/27 12:18:33,30,-30,1.1,1.1,0.03549583,0.03046744,0.8
2021/05/27 12:18:33,30,-30,1.1,1.1,0.03571414,0.03077252,0.8
2021/05/27 12:18:33,30,-30,1.1,1.1,0.03431047,0.0317017,0.8
2021/05/27 12:18:33,30,-30,1.1,1.1,0.03432619,0.03153088,0.8
2021/05/27 12:18:33,30,-30,1.1,1.1,0.03591414,0.03173706,0.8
2021/05/27 12:18:33,30,-9.468232,1.1,1.1,0.0361281,0.03193218,0.8
2021/05/27 12:18:34,30,-6.187496,1.1,1.1,0.03615849,0.03200328,0.8
2021/05/27 12:18:34,30,-30,1.1,1.1,0.03680664,0.0323656,0.8
2021/05/27 12:18:34,30,-30,1.1,1.1,0.03610957,0.03188786,0.8
2021/05/27 12:18:34,30,-24.25437,1.1,1.1,0.03499121,0.03312874,0.8
2021/05/27 12:18:34,30,-19.53476,1.1,1.1,0.03378481,0.03201083,0.8
2021/05/27 12:18:34,30,-30,1.1,1.1,0.03482395,0.03263301,0.8
2021/05/27 12:18:34,30,-29.76713,1.1,1.1,0.03534951,0.03284785,0.8
2021/05/27 12:18:35,30,-30,1.1,1.1,0.03563506,0.03285797,0.8
2021/05/27 12:18:35,30,-18.08032,1.1,1.1,0.03511307,0.03243271,0.8
2021/05/27 12:18:35,30,-30,1.1,1.1,0.03510735,0.03243062,0.8
2021/05/27 12:18:35,30,-30,1.1,1.1,0.03512982,0.03245261,0.8
2021/05/27 12:18:35,30,-18.11329,1.1,1.1,0.03511625,0.0324442,0.8
2021/05/27 12:18:35,30,-30,1.1,1.1,0.03562848,0.03289736,0.8
2021/05/27 12:18:36,30,-30,1.1,1.1,0.03561754,0.03288884,0.8
2021/05/27 12:18:36,30,-30,1.1,1.1,0.03511607,0.03243768,0.8
2021/05/27 12:18:36,30,-30,1.1,1.1,0.03560746,0.0328807,0.8
2021/05/27 12:18:36,30,-30,1.1,1.1,0.03560463,0.03287852,0.8
2021/05/27 12:18:36,30,-30,1.1,1.1,0.03510607,0.03243023,0.8
2021/05/27 12:18:36,30,-30,1.1,1.1,0.03510452,0.03242908,0.8
2021/05/27 12:18:36,30,-30,1.1,1.1,0.03554033,0.03281619,0.8
2021/05/27 12:18:37,30,-30,1.1,1.1,0.03554159,0.03281809,0.8
2021/05/27 12:18:37,30,-29.49028,1.1,1.1,0.03509036,0.03241125,0.8
2021/05/27 12:18:37,30,-30,1.1,1.1,0.03509154,0.03241365,0.8
2021/05/27 12:18:37,30,-23.8285,1.1,1.1,0.03509275,0.03241582,0.8
2021/05/27 12:18:37,30,-28.22203,1.1,1.1,0.0350934,0.03241723,0.8
2021/05/27 12:18:37,30,-14.70899,1.1,1.1,0.03560792,0.03287931,0.8
2021/05/27 12:18:38,30,-30,1.1,1.1,0.03561037,0.03288149,0.8
2021/05/27 12:18:38,30,-30,1.1,1.1,0.0351101,0.03243776,0.8
2021/05/27 12:18:38,30,-22.47837,1.1,1.1,0.03562511,0.03289082,0.8
2021/05/27 12:18:38,30,-28.98426,1.1,1.1,0.03563224,0.03290074,0.8
2021/05/27 12:18:38,30,-30,1.1,1.1,0.03512598,0.03244473,0.8
2021/05/27 12:18:38,30,-30,1.1,1.1,0.03511752,0.03243854,0.8
2021/05/27 12:18:38,30,-30,1.1,1.1,0.03560824,0.03288111,0.8
2021/05/27 12:18:39,30,-30,1.1,1.1,0.03560509,0.03287856,0.8
2021/05/27 12:18:39,30,-29.04003,1.1,1.1,0.03560282,0.03287692,0.8
2021/05/27 12:18:39,30,-30,1.1,1.1,0.03560139,0.03287572,0.8
2021/05/27 12:18:39,30,-18.918,1.1,1.1,0.03563635,0.03290466,0.8
2021/05/27 12:18:39,30,-30,1.1,1.1,0.03513647,0.03245333,0.8
2021/05/27 12:18:39,30,-21.79938,1.1,1.1,0.03551199,0.03278934,0.8
2021/05/27 12:18:40,30,-30,1.1,1.1,0.03550849,0.03278738,0.8
2021/05/27 12:18:40,30,-19.85067,1.1,1.1,0.03560117,0.03286887,0.8
2021/05/27 12:18:40,30,-30,1.1,1.1,0.03557159,0.03284901,0.8
2021/05/27 12:18:40,30,-30,1.1,1.1,0.0351186,0.0324348,0.8
2021/05/27 12:18:40,30,-30,1.1,1.1,0.03510965,0.03242922,0.8
2021/05/27 12:18:40,30,-30,1.1,1.1,0.0351053,0.03242667,0.8
2021/05/27 12:18:40,30,-22.48591,1.1,1.1,0.03558708,0.0328618,0.8
2021/05/27 12:18:41,30,-30,1.1,1.1,0.03558822,0.03286317,0.8
2021/05/27 12:18:41,30,-22.46652,1.1,1.1,0.03513471,0.03245055,0.8
2021/05/27 12:18:41,30,-30,1.1,1.1,0.03513128,0.03244834,0.8
2021/05/27 12:18:41,30,-30,1.1,1.1,0.03512032,0.03244025,0.8
2021/05/27 12:18:41,30,-21.43566,1.1,1.1,0.03511388,0.03243553,0.8
2021/05/27 12:18:41,30,-30,1.1,1.1,0.03560463,0.03287809,0.8
2021/05/27 12:18:42,30,-25.18454,1.1,1.1,0.03565673,0.0329207,0.8
2021/05/27 12:18:42,30,-24.41213,1.1,1.1,0.03511804,0.03244621,0.8
2021/05/27 12:18:42,30,-29.60245,1.1,1.1,0.03513325,0.03245057,0.8
2021/05/27 12:18:42,30,-30,1.1,1.1,0.03512242,0.03244274,0.8
2021/05/27 12:18:42,30,-15.91669,1.1,1.1,0.03561413,0.03288643,0.8
2021/05/27 12:18:42,30,-30,1.1,1.1,0.03560969,0.03288289,0.8
2021/05/27 12:18:42,30,-28.20656,1.1,1.1,0.03565894,0.03292284,0.8
2021/05/27 12:18:43,30,-11.38535,1.1,1.1,0.03562469,0.03289568,0.8
2021/05/27 12:18:43,30,-30,1.1,1.1,0.03512312,0.03244125,0.8
2021/05/27 12:18:43,30,-30,1.1,1.1,0.03513471,0.03245692,0.8
2021/05/27 12:18:43,30,-29.93909,1.1,1.1,0.03565248,0.0329139,0.8
2021/05/27 12:18:43,30,-30,1.1,1.1,0.03561443,0.03288819,0.8
2021/05/27 12:18:43,30,-29.73001,1.1,1.1,0.0356257,0.03289478,0.8
2021/05/27 12:18:44,30,-30,1.1,1.1,0.03561564,0.03288702,0.8
2021/05/27 12:18:44,30,-30,1.1,1.1,0.0351152,0.03243681,0.8
2021/05/27 12:18:44,30,-26.44926,1.1,1.1,0.03560606,0.03287937,0.8
2021/05/27 12:18:44,30,-17.77129,1.1,1.1,0.03510778,0.03243138,0.8
2021/05/27 12:18:44,30,-30,1.1,1.1,0.03514856,0.03246209,0.8
2021/05/27 12:18:44,30,-30,1.1,1.1,0.03564167,0.03291152,0.8
2021/05/27 12:18:44,30,-30,1.1,1.1,0.03562731,0.03289715,0.8
2021/05/27 12:18:45,30,-30,1.1,1.1,0.03561852,0.03289007,0.8
2021/05/27 12:18:45,30,-20.23548,1.1,1.1,0.03511512,0.03243741,0.8
2021/05/27 12:18:45,30,-19.68706,1.1,1.1,0.0350492,0.03236863,0.8
2021/05/27 12:18:45,30,-30,1.1,1.1,0.03508638,0.0323992,0.8
2021/05/27 12:18:45,30,-30,1.1,1.1,0.03553668,0.03281114,0.8
2021/05/27 12:18:45,30,-25.34562,1.1,1.1,0.03554748,0.03282318,0.8
2021/05/27 12:18:46,30,-30,1.1,1.1,0.03555687,0.03283286,0.8
2021/05/27 12:18:46,30,-29.0515,1.1,1.1,0.03509373,0.0324156,0.8
2021/05/27 12:18:46,30,-30,1.1,1.1,0.0350942,0.03241707,0.8
2021/05/27 12:18:46,30,-30,1.1,1.1,0.03557428,0.03285037,0.8
2021/05/27 12:18:46,30,-30,1.1,1.1,0.03557827,0.03285433,0.8
2021/05/27 12:18:46,30,-30,1.1,1.1,0.03561885,0.03288872,0.8
2021/05/27 12:18:46,30,-30,1.1,1.1,0.03561894,0.03288897,0.8
2021/05/27 12:18:47,30,-30,1.1,1.1,0.03560996,0.03288185,0.8
2021/05/27 12:18:47,30,-30,1.1,1.1,0.03511318,0.03243475,0.8
2021/05/27 12:18:47,30,-21.95487,1.1,1.1,0.03510916,0.0324319,0.8
2021/05/27 12:18:47,30,-30,1.1,1.1,0.03560066,0.03287476,0.8
2021/05/27 12:18:47,30,-27.65653,1.1,1.1,0.03564487,0.03291124,0.8
2021/05/27 12:18:47,30,-30,1.1,1.1,0.0351435,0.03245919,0.8
2021/05/27 12:18:48,30,-25.00944,1.1,1.1,0.03512852,0.03244716,0.8
2021/05/27 12:18:48,30,-30,1.1,1.1,0.03511972,0.0324406,0.8
2021/05/27 12:18:48,30,-19.87646,1.1,1.1,0.03561218,0.03288481,0.8
2021/05/27 12:18:48,30,-30,1.1,1.1,0.03560827,0.03288156,0.8
2021/05/27 12:18:48,30,-30,1.1,1.1,0.03565457,0.0329194,0.8
2021/05/27 12:18:48,30,-30,1.1,1.1,0.03514377,0.03245877,0.8
2021/05/27 12:18:48,30,-23.52369,1.1,1.1,0.03512663,0.03244505,0.8
2021/05/27 12:18:49,30,-26.41768,1.1,1.1,0.03511794,0.03243859,0.8
2021/05/27 12:18:49,30,-30,1.1,1.1,0.03560707,0.03288005,0.8
2021/05/27 12:18:49,30,-21.657,1.1,1.1,0.03510874,0.03243189,0.8
2021/05/27 12:18:49,30,-30,1.1,1.1,0.03510646,0.0324303,0.8
2021/05/27 12:18:49,30,-30,1.1,1.1,0.03514459,0.03245914,0.8
2021/05/27 12:18:49,30,-23.04388,1.1,1.1,0.03563922,0.03290739,0.8
2021/05/27 12:18:50,30,-30,1.1,1.1,0.03562276,0.03289348,0.8
2021/05/27 12:18:50,30,-29.80276,1.1,1.1,0.03561548,0.03288759,0.8
2021/05/27 12:18:50,30,-30,1.1,1.1,0.0351133,0.03243592,0.8
2021/05/27 12:18:50,30,-15.77537,1.1,1.1,0.03504761,0.03236717,0.8
2021/05/27 12:18:50,30,-30,1.1,1.1,0.0350403,0.03236151,0.8
2021/05/27 12:18:50,30,-30,1.1,1.1,0.03509401,0.03240964,0.8
2021/05/27 12:18:51,30,-30,1.1,1.1,0.03555593,0.03283024,0.8
2021/05/27 12:18:51,30,-22.06086,1.1,1.1,0.03556187,0.03283712,0.8
2021/05/27 12:18:51,30,-30,1.1,1.1,0.03556768,0.03284333,0.8
2021/05/27 12:18:51,30,-30,1.1,1.1,0.03512022,0.03244219,0.8
2021/05/27 12:18:51,30,-25.07769,1.1,1.1,0.03513802,0.03245231,0.8
2021/05/27 12:18:51,30,-16.64215,1.1,1.1,0.03560881,0.03287973,0.8
2021/05/27 12:18:51,30,-30,1.1,1.1,0.03560218,0.03287487,0.8
2021/05/27 12:18:52,30,-30,1.1,1.1,0.03511033,0.03243827,0.8
2021/05/27 12:18:52,30,-30,1.1,1.1,0.03511585,0.03244457,0.8
2021/05/27 12:18:52,30,-18.74524,1.1,1.1,0.03562918,0.03289836,0.8
2021/05/27 12:18:52,30,-30,1.1,1.1,0.03561743,0.03288849,0.8
2021/05/27 12:18:52,30,-30,1.1,1.1,0.03510721,0.03243602,0.8
2021/05/27 12:18:52,30,-27.97178,1.1,1.1,0.03512301,0.03244746,0.8
2021/05/27 12:18:52,30,-30,1.1,1.1,0.03563853,0.0329085,0.8
2021/05/27 12:18:53,30,-30,1.1,1.1,0.03562466,0.03289492,0.8
2021/05/27 12:18:53,30,-23.51368,1.1,1.1,0.03561631,0.03288803,0.8
2021/05/27 12:18:53,30,-30,1.1,1.1,0.03561109,0.03288381,0.8
2021/05/27 12:18:53,30,-30,1.1,1.1,0.03513097,0.03245395,0.8
2021/05/27 12:18:53,30,-19.09233,1.1,1.1,0.03510507,0.03241938,0.8
2021/05/27 12:18:53,30,-30,1.1,1.1,0.03553068,0.03280754,0.8
2021/05/27 12:18:54,30,-30,1.1,1.1,0.03554567,0.03282239,0.8
2021/05/27 12:18:54,30,-30,1.1,1.1,0.03508977,0.03241153,0.8
2021/05/27 12:18:54,30,-24.36451,1.1,1.1,0.03509156,0.03241463,0.8
2021/05/27 12:18:54,30,-30,1.1,1.1,0.03557057,0.03284699,0.8
2021/05/27 12:18:54,30,-30,1.1,1.1,0.03561654,0.03288618,0.8
2021/05/27 12:18:54,30,-16.23744,1.1,1.1,0.03561683,0.03288664,0.8
2021/05/27 12:18:55,30,-30,1.1,1.1,0.03511947,0.03243882,0.8
2021/05/27 12:18:55,30,-16.97183,1.1,1.1,0.03511662,0.03244319,0.8
2021/05/27 12:18:55,30,-18.11828,1.1,1.1,0.03564135,0.03290488,0.8
2021/05/27 12:18:55,30,-17.13005,1.1,1.1,0.03514357,0.03245831,0.8
2021/05/27 12:18:55,30,-30,1.1,1.1,0.03512781,0.03244623,0.8
2021/05/27 12:18:55,30,-30,1.1,1.1,0.03566742,0.03292359,0.8
2021/05/27 12:18:55,30,-30,1.1,1.1,0.03563675,0.03290106,0.8
2021/05/27 12:18:56,30,-30,1.1,1.1,0.03514577,0.0324606,0.8
2021/05/27 12:18:56,30,-30,1.1,1.1,0.03512979,0.03244825,0.8
2021/05/27 12:18:56,30,-30,1.1,1.1,0.03561923,0.03289055,0.8
2021/05/27 12:18:56,30,-30,1.1,1.1,0.03511484,0.03243701,0.8
2021/05/27 12:18:56,30,-30,1.1,1.1,0.03553807,0.03281569,0.8
2021/05/27 12:18:56,30,-24.12465,1.1,1.1,0.03553701,0.03281558,0.8
2021/05/27 12:18:57,30,-30,1.1,1.1,0.03555041,0.03282825,0.8
